source,target,interaction,weight
de.schildbach.wallet.Configuration,de.schildbach.wallet.data.ExchangeRate,accepts,1
de.schildbach.wallet.Configuration,de.schildbach.wallet.data.ExchangeRate,depends,1
de.schildbach.wallet.Configuration,de.schildbach.wallet.data.ExchangeRate,returns,1
de.schildbach.wallet.WalletApplication,de.schildbach.wallet.Configuration,depends,1
de.schildbach.wallet.WalletApplication,de.schildbach.wallet.Configuration,holds,1
de.schildbach.wallet.WalletApplication,de.schildbach.wallet.Configuration,returns,1
de.schildbach.wallet.WalletApplication,de.schildbach.wallet.WalletApplication.OnWalletLoadedListener,accepts,1
de.schildbach.wallet.WalletApplication.OnWalletLoadedListener,de.schildbach.wallet.WalletApplication,depends,3
de.schildbach.wallet.WalletBalanceWidgetProvider,de.schildbach.wallet.Configuration,depends,3
de.schildbach.wallet.WalletBalanceWidgetProvider,de.schildbach.wallet.WalletApplication,depends,5
de.schildbach.wallet.WalletBalanceWidgetProvider,de.schildbach.wallet.data.ExchangeRate,accepts,3
de.schildbach.wallet.WalletBalanceWidgetProvider,de.schildbach.wallet.data.ExchangeRate,depends,1
de.schildbach.wallet.WalletBalanceWidgetProvider,de.schildbach.wallet.util.GenericUtils,depends,1
de.schildbach.wallet.data.AbstractWalletLiveData,de.schildbach.wallet.WalletApplication,accepts,2
de.schildbach.wallet.data.AbstractWalletLiveData,de.schildbach.wallet.WalletApplication,depends,1
de.schildbach.wallet.data.AbstractWalletLiveData,de.schildbach.wallet.WalletApplication,holds,1
de.schildbach.wallet.data.AbstractWalletLiveData,de.schildbach.wallet.WalletApplication.OnWalletLoadedListener,holds,1
de.schildbach.wallet.data.AbstractWalletLiveData,de.schildbach.wallet.data.ThrottelingLiveData,specializes,1
de.schildbach.wallet.data.AddressBookDao,de.schildbach.wallet.data.AddressBookEntry,accepts,1
de.schildbach.wallet.data.AppDatabase,de.schildbach.wallet.data.AddressBookDao,returns,1
de.schildbach.wallet.data.BlockchainStateLiveData,de.schildbach.wallet.WalletApplication,accepts,1
de.schildbach.wallet.data.BlockchainStateLiveData,de.schildbach.wallet.WalletApplication,holds,1
de.schildbach.wallet.data.BlockchainStateLiveData,de.schildbach.wallet.service.BlockchainService,depends,1
de.schildbach.wallet.data.BlockchainStateLiveData,de.schildbach.wallet.service.BlockchainService.LocalBinder,depends,1
de.schildbach.wallet.data.ConfigFormatLiveData,de.schildbach.wallet.Configuration,depends,2
de.schildbach.wallet.data.ConfigFormatLiveData,de.schildbach.wallet.Configuration,holds,1
de.schildbach.wallet.data.ConfigFormatLiveData,de.schildbach.wallet.WalletApplication,accepts,1
de.schildbach.wallet.data.ConfigFormatLiveData,de.schildbach.wallet.WalletApplication,depends,1
de.schildbach.wallet.data.ConfigOwnNameLiveData,de.schildbach.wallet.Configuration,depends,2
de.schildbach.wallet.data.ConfigOwnNameLiveData,de.schildbach.wallet.Configuration,holds,1
de.schildbach.wallet.data.ConfigOwnNameLiveData,de.schildbach.wallet.WalletApplication,accepts,1
de.schildbach.wallet.data.ConfigOwnNameLiveData,de.schildbach.wallet.WalletApplication,depends,1
de.schildbach.wallet.data.DynamicFeeLiveData,de.schildbach.wallet.WalletApplication,accepts,1
de.schildbach.wallet.data.DynamicFeeLiveData,de.schildbach.wallet.WalletApplication,depends,1
de.schildbach.wallet.data.DynamicFeeLiveData,de.schildbach.wallet.ui.send.FeeCategory,depends,2
de.schildbach.wallet.data.ExchangeRatesProvider,de.schildbach.wallet.Configuration,depends,3
de.schildbach.wallet.data.ExchangeRatesProvider,de.schildbach.wallet.Configuration,holds,1
de.schildbach.wallet.data.ExchangeRatesProvider,de.schildbach.wallet.WalletApplication,depends,2
de.schildbach.wallet.data.ExchangeRatesProvider,de.schildbach.wallet.data.ExchangeRate,depends,4
de.schildbach.wallet.data.ExchangeRatesProvider,de.schildbach.wallet.data.ExchangeRate,returns,2
de.schildbach.wallet.data.ExchangeRatesProvider,de.schildbach.wallet.util.GenericUtils,depends,1
de.schildbach.wallet.data.PaymentIntent,de.schildbach.wallet.data.PaymentIntent.Standard,accepts,1
de.schildbach.wallet.data.PaymentIntent,de.schildbach.wallet.data.PaymentIntent.Standard,holds,1
de.schildbach.wallet.data.PaymentIntent.Output,de.schildbach.wallet.data.PaymentIntent,constructs,2
de.schildbach.wallet.data.PaymentIntent.Output,de.schildbach.wallet.data.PaymentIntent,depends,23
de.schildbach.wallet.data.PaymentIntent.Output,de.schildbach.wallet.util.Bluetooth,depends,2
de.schildbach.wallet.data.PaymentIntent.Output,de.schildbach.wallet.util.GenericUtils,depends,4
de.schildbach.wallet.data.SelectedExchangeRateLiveData,de.schildbach.wallet.Configuration,depends,1
de.schildbach.wallet.data.SelectedExchangeRateLiveData,de.schildbach.wallet.Configuration,holds,1
de.schildbach.wallet.data.SelectedExchangeRateLiveData,de.schildbach.wallet.WalletApplication,accepts,1
de.schildbach.wallet.data.SelectedExchangeRateLiveData,de.schildbach.wallet.WalletApplication,depends,1
de.schildbach.wallet.data.TimeLiveData,de.schildbach.wallet.WalletApplication,accepts,1
de.schildbach.wallet.data.TimeLiveData,de.schildbach.wallet.WalletApplication,holds,1
de.schildbach.wallet.data.WalletBalanceLiveData,de.schildbach.wallet.Configuration,holds,1
de.schildbach.wallet.data.WalletBalanceLiveData,de.schildbach.wallet.WalletApplication,accepts,2
de.schildbach.wallet.data.WalletBalanceLiveData,de.schildbach.wallet.WalletApplication,depends,1
de.schildbach.wallet.data.WalletBalanceLiveData,de.schildbach.wallet.data.WalletBalanceLiveData.WalletListener,constructs,1
de.schildbach.wallet.data.WalletBalanceLiveData,de.schildbach.wallet.data.WalletBalanceLiveData.WalletListener,holds,1
de.schildbach.wallet.data.WalletLiveData,de.schildbach.wallet.WalletApplication,accepts,1
de.schildbach.wallet.offline.AcceptBluetoothService,de.schildbach.wallet.WalletApplication,depends,1
de.schildbach.wallet.offline.AcceptBluetoothService,de.schildbach.wallet.WalletApplication,holds,1
de.schildbach.wallet.offline.AcceptBluetoothService,de.schildbach.wallet.data.WalletLiveData,constructs,1
de.schildbach.wallet.offline.AcceptBluetoothService,de.schildbach.wallet.data.WalletLiveData,holds,1
de.schildbach.wallet.offline.AcceptBluetoothService,de.schildbach.wallet.offline.AcceptBluetoothThread,depends,2
de.schildbach.wallet.offline.AcceptBluetoothService,de.schildbach.wallet.offline.AcceptBluetoothThread,holds,2
de.schildbach.wallet.offline.AcceptBluetoothThread.ClassicBluetoothThread,de.schildbach.wallet.offline.AcceptBluetoothThread,specializes,1
de.schildbach.wallet.offline.AcceptBluetoothThread.PaymentProtocolThread,de.schildbach.wallet.offline.AcceptBluetoothThread,specializes,1
de.schildbach.wallet.offline.DirectPaymentTask,de.schildbach.wallet.offline.DirectPaymentTask.ResultCallback,accepts,1
de.schildbach.wallet.offline.DirectPaymentTask,de.schildbach.wallet.offline.DirectPaymentTask.ResultCallback,holds,1
de.schildbach.wallet.offline.DirectPaymentTask.BluetoothPaymentTask,de.schildbach.wallet.offline.DirectPaymentTask,depends,1
de.schildbach.wallet.offline.DirectPaymentTask.BluetoothPaymentTask,de.schildbach.wallet.offline.DirectPaymentTask,specializes,1
de.schildbach.wallet.offline.DirectPaymentTask.BluetoothPaymentTask,de.schildbach.wallet.offline.DirectPaymentTask.ResultCallback,accepts,1
de.schildbach.wallet.offline.DirectPaymentTask.BluetoothPaymentTask,de.schildbach.wallet.offline.DirectPaymentTask.ResultCallback,depends,2
de.schildbach.wallet.offline.DirectPaymentTask.BluetoothPaymentTask,de.schildbach.wallet.util.Bluetooth,depends,1
de.schildbach.wallet.offline.DirectPaymentTask.HttpPaymentTask,de.schildbach.wallet.offline.DirectPaymentTask,depends,1
de.schildbach.wallet.offline.DirectPaymentTask.HttpPaymentTask,de.schildbach.wallet.offline.DirectPaymentTask,specializes,1
de.schildbach.wallet.offline.DirectPaymentTask.HttpPaymentTask,de.schildbach.wallet.offline.DirectPaymentTask.ResultCallback,accepts,1
de.schildbach.wallet.service.BlockchainService,de.schildbach.wallet.Configuration,depends,1
de.schildbach.wallet.service.BlockchainService,de.schildbach.wallet.Configuration,holds,1
de.schildbach.wallet.service.BlockchainService,de.schildbach.wallet.WalletApplication,accepts,1
de.schildbach.wallet.service.BlockchainService,de.schildbach.wallet.WalletApplication,depends,1
de.schildbach.wallet.service.BlockchainService,de.schildbach.wallet.WalletApplication,holds,1
de.schildbach.wallet.service.BlockchainService,de.schildbach.wallet.data.AddressBookDao,holds,1
de.schildbach.wallet.service.BlockchainService,de.schildbach.wallet.data.WalletLiveData,holds,1
de.schildbach.wallet.service.BlockchainService,de.schildbach.wallet.service.BlockchainService.ImpedimentsLiveData,holds,1
de.schildbach.wallet.service.BlockchainService,de.schildbach.wallet.service.BlockchainService.PeerConnectivityListener,holds,1
de.schildbach.wallet.service.BlockchainService,de.schildbach.wallet.service.BlockchainState,returns,1
de.schildbach.wallet.service.BlockchainService.ActivityHistoryEntry,de.schildbach.wallet.Configuration,depends,1
de.schildbach.wallet.service.BlockchainService.ActivityHistoryEntry,de.schildbach.wallet.WalletApplication,depends,2
de.schildbach.wallet.service.BlockchainService.ActivityHistoryEntry,de.schildbach.wallet.service.BlockchainService,depends,2
de.schildbach.wallet.service.BlockchainService.ActivityHistoryEntry,de.schildbach.wallet.service.BlockchainService.ImpedimentsLiveData,constructs,1
de.schildbach.wallet.service.BlockchainService.ActivityHistoryEntry,de.schildbach.wallet.service.BlockchainService.PeerConnectivityListener,depends,1
de.schildbach.wallet.service.BlockchainService.ImpedimentsLiveData,de.schildbach.wallet.WalletApplication,accepts,1
de.schildbach.wallet.service.BlockchainService.ImpedimentsLiveData,de.schildbach.wallet.WalletApplication,holds,1
de.schildbach.wallet.service.BlockchainService.LocalBinder,de.schildbach.wallet.WalletApplication,depends,1
de.schildbach.wallet.service.BlockchainService.LocalBinder,de.schildbach.wallet.data.SelectedExchangeRateLiveData,constructs,1
de.schildbach.wallet.service.BlockchainService.LocalBinder,de.schildbach.wallet.data.TimeLiveData,constructs,1
de.schildbach.wallet.service.BlockchainService.LocalBinder,de.schildbach.wallet.data.WalletBalanceLiveData,constructs,1
de.schildbach.wallet.service.BlockchainService.LocalBinder,de.schildbach.wallet.data.WalletLiveData,constructs,1
de.schildbach.wallet.service.BlockchainService.LocalBinder,de.schildbach.wallet.service.BlockchainService,depends,1
de.schildbach.wallet.service.BlockchainService.LocalBinder,de.schildbach.wallet.service.BlockchainService,returns,1
de.schildbach.wallet.service.BlockchainService.LocalBinder,de.schildbach.wallet.service.BlockchainService.PeerConnectivityListener,constructs,1
de.schildbach.wallet.service.BlockchainService.NewTransactionLiveData,de.schildbach.wallet.service.BlockchainService.NewTransactionLiveData.WalletListener,constructs,1
de.schildbach.wallet.service.BlockchainService.NewTransactionLiveData,de.schildbach.wallet.service.BlockchainService.NewTransactionLiveData.WalletListener,holds,1
de.schildbach.wallet.service.BlockchainService.NewTransactionLiveData.WalletListener,de.schildbach.wallet.Configuration,depends,1
de.schildbach.wallet.service.BlockchainService.NewTransactionLiveData.WalletListener,de.schildbach.wallet.WalletApplication,depends,1
de.schildbach.wallet.service.BlockchainService.NewTransactionLiveData.WalletListener,de.schildbach.wallet.data.AddressBookDao,depends,2
de.schildbach.wallet.service.BlockchainService.PeerConnectivityListener,de.schildbach.wallet.Configuration,depends,1
de.schildbach.wallet.service.BlockchainService.PeerConnectivityListener,de.schildbach.wallet.service.BlockchainService,depends,1
de.schildbach.wallet.service.BlockchainState.Impediment,de.schildbach.wallet.service.BlockchainState,constructs,1
de.schildbach.wallet.service.BootstrapReceiver,de.schildbach.wallet.Configuration,depends,3
de.schildbach.wallet.service.BootstrapReceiver,de.schildbach.wallet.WalletApplication,depends,1
de.schildbach.wallet.service.BootstrapReceiver,de.schildbach.wallet.service.BlockchainService,depends,1
de.schildbach.wallet.service.InactivityNotificationService,de.schildbach.wallet.Configuration,depends,2
de.schildbach.wallet.service.InactivityNotificationService,de.schildbach.wallet.Configuration,holds,1
de.schildbach.wallet.service.InactivityNotificationService,de.schildbach.wallet.WalletApplication,depends,2
de.schildbach.wallet.service.InactivityNotificationService,de.schildbach.wallet.WalletApplication,holds,1
de.schildbach.wallet.service.UpgradeWalletService,de.schildbach.wallet.WalletApplication,depends,1
de.schildbach.wallet.service.UpgradeWalletService,de.schildbach.wallet.WalletApplication,holds,1
de.schildbach.wallet.ui.AbstractWalletActivity,de.schildbach.wallet.WalletApplication,holds,1
de.schildbach.wallet.ui.AbstractWalletActivity,de.schildbach.wallet.WalletApplication,returns,1
de.schildbach.wallet.ui.AddressBookActivity,de.schildbach.wallet.ui.AbstractWalletActivity,specializes,1
de.schildbach.wallet.ui.AddressBookActivity,de.schildbach.wallet.ui.SendingAddressesFragment,constructs,1
de.schildbach.wallet.ui.AddressBookActivity,de.schildbach.wallet.ui.SendingAddressesFragment,holds,1
de.schildbach.wallet.ui.AddressBookActivity,de.schildbach.wallet.ui.WalletAddressesFragment,constructs,1
de.schildbach.wallet.ui.AddressBookActivity,de.schildbach.wallet.ui.WalletAddressesFragment,holds,1
de.schildbach.wallet.ui.AddressBookActivity,de.schildbach.wallet.util.ViewPagerTabs,depends,2
de.schildbach.wallet.ui.AlertDialogsFragment,de.schildbach.wallet.WalletApplication,depends,5
de.schildbach.wallet.ui.AlertDialogsFragment,de.schildbach.wallet.WalletApplication,holds,1
de.schildbach.wallet.ui.AlertDialogsFragment,de.schildbach.wallet.ui.AbstractWalletActivity,depends,1
de.schildbach.wallet.ui.AlertDialogsFragment,de.schildbach.wallet.ui.AbstractWalletActivity,holds,1
de.schildbach.wallet.ui.AlertDialogsFragment,de.schildbach.wallet.ui.DialogBuilder,depends,2
de.schildbach.wallet.ui.CurrencyAmountView,de.schildbach.wallet.ui.CurrencyAmountView.Listener,accepts,1
de.schildbach.wallet.ui.CurrencyAmountView,de.schildbach.wallet.ui.CurrencyAmountView.Listener,holds,1
de.schildbach.wallet.ui.CurrencyAmountView,de.schildbach.wallet.ui.CurrencyAmountView.TextViewListener,holds,1
de.schildbach.wallet.ui.CurrencyAmountView.Listener,de.schildbach.wallet.ui.CurrencyAmountView,depends,11
de.schildbach.wallet.ui.CurrencyAmountView.Listener,de.schildbach.wallet.ui.CurrencyAmountView.TextViewListener,constructs,1
de.schildbach.wallet.ui.CurrencyAmountView.Listener,de.schildbach.wallet.ui.CurrencyAmountView.TextViewListener,depends,2
de.schildbach.wallet.ui.CurrencyAmountView.Listener,de.schildbach.wallet.ui.CurrencySymbolDrawable,constructs,1
de.schildbach.wallet.ui.CurrencyAmountView.Listener,de.schildbach.wallet.util.GenericUtils,depends,1
de.schildbach.wallet.ui.CurrencyAmountView.TextViewListener,de.schildbach.wallet.ui.CurrencyAmountView,depends,2
de.schildbach.wallet.ui.CurrencyAmountView.TextViewListener,de.schildbach.wallet.ui.CurrencyAmountView.Listener,depends,2
de.schildbach.wallet.ui.CurrencyCalculatorLink,de.schildbach.wallet.ui.CurrencyAmountView,accepts,2
de.schildbach.wallet.ui.CurrencyCalculatorLink,de.schildbach.wallet.ui.CurrencyAmountView,depends,15
de.schildbach.wallet.ui.CurrencyCalculatorLink,de.schildbach.wallet.ui.CurrencyAmountView,holds,2
de.schildbach.wallet.ui.CurrencyCalculatorLink,de.schildbach.wallet.ui.CurrencyAmountView.Listener,accepts,1
de.schildbach.wallet.ui.CurrencyCalculatorLink,de.schildbach.wallet.ui.CurrencyAmountView.Listener,depends,4
de.schildbach.wallet.ui.CurrencyCalculatorLink,de.schildbach.wallet.ui.CurrencyAmountView.Listener,holds,3
de.schildbach.wallet.ui.EditAddressBookEntryFragment,de.schildbach.wallet.WalletApplication,depends,1
de.schildbach.wallet.ui.EditAddressBookEntryFragment,de.schildbach.wallet.data.AddressBookDao,holds,1
de.schildbach.wallet.ui.EditAddressBookEntryFragment,de.schildbach.wallet.ui.AbstractWalletActivity,depends,1
de.schildbach.wallet.ui.EditAddressBookEntryFragment,de.schildbach.wallet.ui.AbstractWalletActivity,holds,1
de.schildbach.wallet.ui.EncryptKeysDialogFragment,de.schildbach.wallet.WalletApplication,holds,1
de.schildbach.wallet.ui.EncryptKeysDialogFragment,de.schildbach.wallet.ui.AbstractWalletActivity,holds,1
de.schildbach.wallet.ui.EncryptKeysDialogFragment,de.schildbach.wallet.ui.EncryptKeysDialogFragment.State,holds,1
de.schildbach.wallet.ui.EncryptKeysDialogFragment.State,de.schildbach.wallet.WalletApplication,depends,2
de.schildbach.wallet.ui.EncryptKeysDialogFragment.State,de.schildbach.wallet.ui.AbstractWalletActivity,depends,1
de.schildbach.wallet.ui.EncryptKeysDialogFragment.State,de.schildbach.wallet.ui.EncryptKeysDialogFragment,depends,4
de.schildbach.wallet.ui.ExchangeRatesActivity,de.schildbach.wallet.ui.AbstractWalletActivity,specializes,1
de.schildbach.wallet.ui.ExchangeRatesAdapter,de.schildbach.wallet.data.ExchangeRate,depends,1
de.schildbach.wallet.ui.ExchangeRatesAdapter,de.schildbach.wallet.service.BlockchainState,accepts,1
de.schildbach.wallet.ui.ExchangeRatesAdapter,de.schildbach.wallet.ui.ExchangeRatesAdapter.OnClickListener,accepts,1
de.schildbach.wallet.ui.ExchangeRatesAdapter,de.schildbach.wallet.ui.ExchangeRatesAdapter.OnClickListener,holds,1
de.schildbach.wallet.ui.ExchangeRatesAdapter,de.schildbach.wallet.ui.ExchangeRatesAdapter.ViewHolder,accepts,1
de.schildbach.wallet.ui.ExchangeRatesAdapter,de.schildbach.wallet.ui.ExchangeRatesAdapter.ViewHolder,returns,1
de.schildbach.wallet.ui.ExchangeRatesAdapter.ListItem,de.schildbach.wallet.data.ExchangeRate,accepts,1
de.schildbach.wallet.ui.ExchangeRatesAdapter.ListItem,de.schildbach.wallet.data.ExchangeRate,depends,1
de.schildbach.wallet.ui.ExchangeRatesAdapter.ListItem,de.schildbach.wallet.ui.CurrencyTextView,depends,2
de.schildbach.wallet.ui.ExchangeRatesAdapter.ViewHolder,de.schildbach.wallet.ui.CurrencyTextView,holds,2
de.schildbach.wallet.ui.ExchangeRatesFragment,de.schildbach.wallet.Configuration,holds,1
de.schildbach.wallet.ui.ExchangeRatesFragment,de.schildbach.wallet.WalletApplication,holds,1
de.schildbach.wallet.ui.ExchangeRatesFragment,de.schildbach.wallet.ui.AbstractWalletActivity,holds,1
de.schildbach.wallet.ui.ExchangeRatesFragment,de.schildbach.wallet.ui.ExchangeRatesAdapter,holds,1
de.schildbach.wallet.ui.ExchangeRatesFragment,de.schildbach.wallet.ui.ExchangeRatesAdapter.OnClickListener,specializes,1
de.schildbach.wallet.ui.ExchangeRatesFragment,de.schildbach.wallet.ui.ExchangeRatesFragment.ViewModel,holds,1
de.schildbach.wallet.ui.ExchangeRatesFragment.ExchangeRatesLiveData,de.schildbach.wallet.WalletApplication,accepts,1
de.schildbach.wallet.ui.ExchangeRatesFragment.ViewModel,de.schildbach.wallet.Configuration,depends,2
de.schildbach.wallet.ui.ExchangeRatesFragment.ViewModel,de.schildbach.wallet.WalletApplication,depends,1
de.schildbach.wallet.ui.ExchangeRatesFragment.ViewModel,de.schildbach.wallet.WalletApplication,holds,1
de.schildbach.wallet.ui.ExchangeRatesFragment.ViewModel,de.schildbach.wallet.data.BlockchainStateLiveData,constructs,1
de.schildbach.wallet.ui.ExchangeRatesFragment.ViewModel,de.schildbach.wallet.data.BlockchainStateLiveData,holds,1
de.schildbach.wallet.ui.ExchangeRatesFragment.ViewModel,de.schildbach.wallet.data.BlockchainStateLiveData,returns,1
de.schildbach.wallet.ui.ExchangeRatesFragment.ViewModel,de.schildbach.wallet.data.WalletBalanceLiveData,constructs,1
de.schildbach.wallet.ui.ExchangeRatesFragment.ViewModel,de.schildbach.wallet.data.WalletBalanceLiveData,holds,1
de.schildbach.wallet.ui.ExchangeRatesFragment.ViewModel,de.schildbach.wallet.data.WalletBalanceLiveData,returns,1
de.schildbach.wallet.ui.ExchangeRatesFragment.ViewModel,de.schildbach.wallet.ui.AbstractWalletActivity,depends,1
de.schildbach.wallet.ui.ExchangeRatesFragment.ViewModel,de.schildbach.wallet.ui.ExchangeRatesFragment,depends,2
de.schildbach.wallet.ui.ExchangeRatesFragment.ViewModel,de.schildbach.wallet.ui.ExchangeRatesFragment.ExchangeRatesLiveData,constructs,1
de.schildbach.wallet.ui.ExchangeRatesFragment.ViewModel,de.schildbach.wallet.ui.ExchangeRatesFragment.ExchangeRatesLiveData,holds,1
de.schildbach.wallet.ui.ExchangeRatesFragment.ViewModel,de.schildbach.wallet.ui.ExchangeRatesFragment.ExchangeRatesLiveData,returns,1
de.schildbach.wallet.ui.InputParser,de.schildbach.wallet.data.PaymentIntent,accepts,1
de.schildbach.wallet.ui.InputParser,de.schildbach.wallet.data.PaymentIntent,returns,1
de.schildbach.wallet.ui.InputParser.BinaryInputParser,de.schildbach.wallet.ui.InputParser,depends,2
de.schildbach.wallet.ui.InputParser.BinaryInputParser,de.schildbach.wallet.ui.InputParser,specializes,1
de.schildbach.wallet.ui.InputParser.StreamInputParser,de.schildbach.wallet.data.PaymentIntent,constructs,1
de.schildbach.wallet.ui.InputParser.StreamInputParser,de.schildbach.wallet.data.PaymentIntent,depends,2
de.schildbach.wallet.ui.InputParser.StreamInputParser,de.schildbach.wallet.ui.DialogBuilder,depends,1
de.schildbach.wallet.ui.InputParser.StreamInputParser,de.schildbach.wallet.ui.InputParser,depends,4
de.schildbach.wallet.ui.InputParser.StreamInputParser,de.schildbach.wallet.ui.InputParser,specializes,1
de.schildbach.wallet.ui.InputParser.StreamInputParser,de.schildbach.wallet.util.Io,depends,1
de.schildbach.wallet.ui.InputParser.StringInputParser,de.schildbach.wallet.ui.InputParser,depends,2
de.schildbach.wallet.ui.InputParser.StringInputParser,de.schildbach.wallet.ui.InputParser,specializes,1
de.schildbach.wallet.ui.InputParser.StringInputParser,de.schildbach.wallet.util.Qr,depends,2
de.schildbach.wallet.ui.MaybeMaintenanceFragment,de.schildbach.wallet.ui.MaybeMaintenanceViewModel,holds,1
de.schildbach.wallet.ui.MaybeMaintenanceViewModel,de.schildbach.wallet.WalletApplication,holds,1
de.schildbach.wallet.ui.MaybeMaintenanceViewModel,de.schildbach.wallet.data.BlockchainStateLiveData,constructs,1
de.schildbach.wallet.ui.MaybeMaintenanceViewModel,de.schildbach.wallet.data.BlockchainStateLiveData,holds,1
de.schildbach.wallet.ui.MaybeMaintenanceViewModel,de.schildbach.wallet.ui.MaybeMaintenanceViewModel.WalletMaintenanceRecommendedLiveData,constructs,1
de.schildbach.wallet.ui.MaybeMaintenanceViewModel,de.schildbach.wallet.ui.MaybeMaintenanceViewModel.WalletMaintenanceRecommendedLiveData,holds,1
de.schildbach.wallet.ui.MaybeMaintenanceViewModel.WalletMaintenanceRecommendedLiveData,de.schildbach.wallet.WalletApplication,accepts,1
de.schildbach.wallet.ui.MaybeMaintenanceViewModel.WalletMaintenanceRecommendedLiveData,de.schildbach.wallet.data.AbstractWalletLiveData,specializes,1
de.schildbach.wallet.ui.ReportIssueDialogBuilder,de.schildbach.wallet.ui.DialogBuilder,specializes,1
de.schildbach.wallet.ui.ReportIssueDialogBuilder,de.schildbach.wallet.util.CrashReporter,depends,1
de.schildbach.wallet.ui.ReportIssueDialogFragment,de.schildbach.wallet.Configuration,depends,1
de.schildbach.wallet.ui.ReportIssueDialogFragment,de.schildbach.wallet.WalletApplication,accepts,1
de.schildbach.wallet.ui.ReportIssueDialogFragment,de.schildbach.wallet.WalletApplication,depends,2
de.schildbach.wallet.ui.ReportIssueDialogFragment,de.schildbach.wallet.WalletApplication,holds,1
de.schildbach.wallet.ui.ReportIssueDialogFragment,de.schildbach.wallet.ui.AbstractWalletActivity,depends,1
de.schildbach.wallet.ui.ReportIssueDialogFragment,de.schildbach.wallet.ui.AbstractWalletActivity,holds,1
de.schildbach.wallet.ui.ReportIssueDialogFragment,de.schildbach.wallet.ui.ReportIssueViewModel,holds,1
de.schildbach.wallet.ui.ReportIssueDialogFragment,de.schildbach.wallet.util.CrashReporter,depends,1
de.schildbach.wallet.ui.ReportIssueViewModel,de.schildbach.wallet.WalletApplication,holds,1
de.schildbach.wallet.ui.ReportIssueViewModel,de.schildbach.wallet.data.WalletLiveData,constructs,1
de.schildbach.wallet.ui.ReportIssueViewModel,de.schildbach.wallet.data.WalletLiveData,holds,1
de.schildbach.wallet.ui.RequestCoinsActivity,de.schildbach.wallet.ui.AbstractWalletActivity,specializes,1
de.schildbach.wallet.ui.RequestCoinsFragment,de.schildbach.wallet.Configuration,depends,5
de.schildbach.wallet.ui.RequestCoinsFragment,de.schildbach.wallet.Configuration,holds,1
de.schildbach.wallet.ui.RequestCoinsFragment,de.schildbach.wallet.WalletApplication,depends,1
de.schildbach.wallet.ui.RequestCoinsFragment,de.schildbach.wallet.WalletApplication,holds,1
de.schildbach.wallet.ui.RequestCoinsFragment,de.schildbach.wallet.ui.AbstractWalletActivity,depends,1
de.schildbach.wallet.ui.RequestCoinsFragment,de.schildbach.wallet.ui.AbstractWalletActivity,holds,1
de.schildbach.wallet.ui.RequestCoinsFragment,de.schildbach.wallet.ui.CurrencyCalculatorLink,constructs,1
de.schildbach.wallet.ui.RequestCoinsFragment,de.schildbach.wallet.ui.CurrencyCalculatorLink,depends,7
de.schildbach.wallet.ui.RequestCoinsFragment,de.schildbach.wallet.ui.CurrencyCalculatorLink,holds,1
de.schildbach.wallet.ui.RequestCoinsFragment,de.schildbach.wallet.ui.RequestCoinsViewModel,holds,1
de.schildbach.wallet.ui.RequestCoinsFragment,de.schildbach.wallet.util.Bluetooth,depends,1
de.schildbach.wallet.ui.RequestCoinsViewModel,de.schildbach.wallet.WalletApplication,holds,1
de.schildbach.wallet.ui.RequestCoinsViewModel,de.schildbach.wallet.data.ConfigOwnNameLiveData,constructs,1
de.schildbach.wallet.ui.RequestCoinsViewModel,de.schildbach.wallet.data.ConfigOwnNameLiveData,holds,1
de.schildbach.wallet.ui.RequestCoinsViewModel,de.schildbach.wallet.data.SelectedExchangeRateLiveData,constructs,1
de.schildbach.wallet.ui.RequestCoinsViewModel,de.schildbach.wallet.data.SelectedExchangeRateLiveData,holds,1
de.schildbach.wallet.ui.RequestCoinsViewModel,de.schildbach.wallet.ui.RequestCoinsViewModel.FreshReceiveAddressLiveData,constructs,1
de.schildbach.wallet.ui.RequestCoinsViewModel,de.schildbach.wallet.ui.RequestCoinsViewModel.FreshReceiveAddressLiveData,holds,1
de.schildbach.wallet.ui.RequestCoinsViewModel.FreshReceiveAddressLiveData,de.schildbach.wallet.WalletApplication,accepts,1
de.schildbach.wallet.ui.SendCoinsQrActivity,de.schildbach.wallet.ui.InputParser.StringInputParser,constructs,1
de.schildbach.wallet.ui.SendCoinsQrActivity,de.schildbach.wallet.ui.InputParser.StringInputParser,depends,1
de.schildbach.wallet.ui.SendingAddressesFragment,de.schildbach.wallet.data.AddressBookDao,depends,1
de.schildbach.wallet.ui.SendingAddressesFragment,de.schildbach.wallet.data.AddressBookDao,holds,1
de.schildbach.wallet.ui.SendingAddressesFragment,de.schildbach.wallet.data.PaymentIntent,depends,2
de.schildbach.wallet.ui.SendingAddressesFragment,de.schildbach.wallet.ui.AbstractWalletActivity,holds,1
de.schildbach.wallet.ui.SendingAddressesFragment,de.schildbach.wallet.ui.FancyListFragment,specializes,1
de.schildbach.wallet.ui.SendingAddressesFragment,de.schildbach.wallet.ui.InputParser,depends,1
de.schildbach.wallet.ui.SendingAddressesFragment,de.schildbach.wallet.ui.InputParser.StringInputParser,constructs,1
de.schildbach.wallet.ui.SendingAddressesFragment,de.schildbach.wallet.ui.InputParser.StringInputParser,depends,1
de.schildbach.wallet.ui.SendingAddressesFragment,de.schildbach.wallet.ui.SendingAddressesViewModel,holds,1
de.schildbach.wallet.ui.SendingAddressesFragment,de.schildbach.wallet.util.Qr,depends,1
de.schildbach.wallet.ui.SendingAddressesViewModel,de.schildbach.wallet.WalletApplication,holds,1
de.schildbach.wallet.ui.SendingAddressesViewModel,de.schildbach.wallet.data.WalletLiveData,constructs,1
de.schildbach.wallet.ui.SendingAddressesViewModel,de.schildbach.wallet.data.WalletLiveData,holds,1
de.schildbach.wallet.ui.SendingAddressesViewModel,de.schildbach.wallet.ui.SendingAddressesViewModel.AddressesToExcludeLiveData,constructs,1
de.schildbach.wallet.ui.SendingAddressesViewModel,de.schildbach.wallet.ui.SendingAddressesViewModel.AddressesToExcludeLiveData,holds,1
de.schildbach.wallet.ui.SendingAddressesViewModel,de.schildbach.wallet.ui.SendingAddressesViewModel.ClipLiveData,constructs,1
de.schildbach.wallet.ui.SendingAddressesViewModel,de.schildbach.wallet.ui.SendingAddressesViewModel.ClipLiveData,holds,1
de.schildbach.wallet.ui.SendingAddressesViewModel.AddressesToExcludeLiveData,de.schildbach.wallet.WalletApplication,accepts,1
de.schildbach.wallet.ui.SendingAddressesViewModel.AddressesToExcludeLiveData,de.schildbach.wallet.data.AbstractWalletLiveData,specializes,1
de.schildbach.wallet.ui.SendingAddressesViewModel.ClipLiveData,de.schildbach.wallet.WalletApplication,accepts,1
de.schildbach.wallet.ui.TransactionsAdapter,de.schildbach.wallet.ui.TransactionsAdapter.ListItem.WarningItem,constructs,1
de.schildbach.wallet.ui.TransactionsAdapter,de.schildbach.wallet.ui.TransactionsAdapter.OnClickListener,accepts,1
de.schildbach.wallet.ui.TransactionsAdapter,de.schildbach.wallet.ui.TransactionsAdapter.OnClickListener,holds,1
de.schildbach.wallet.ui.TransactionsAdapter,de.schildbach.wallet.ui.TransactionsAdapter.WarningType,accepts,1
de.schildbach.wallet.ui.TransactionsAdapter.ChangeType,de.schildbach.wallet.ui.TransactionsAdapter.TransactionViewHolder,depends,9
de.schildbach.wallet.ui.TransactionsAdapter.ListItem.TransactionItem,de.schildbach.wallet.data.AddressBookEntry,depends,1
de.schildbach.wallet.ui.TransactionsAdapter.ListItem.TransactionItem,de.schildbach.wallet.ui.TransactionsAdapter.ListItem,specializes,1
de.schildbach.wallet.ui.TransactionsAdapter.ListItem.WarningItem,de.schildbach.wallet.ui.TransactionsAdapter.ListItem,specializes,1
de.schildbach.wallet.ui.TransactionsAdapter.ListItem.WarningItem,de.schildbach.wallet.ui.TransactionsAdapter.WarningType,accepts,1
de.schildbach.wallet.ui.TransactionsAdapter.ListItem.WarningItem,de.schildbach.wallet.ui.TransactionsAdapter.WarningType,holds,1
de.schildbach.wallet.ui.TransactionsAdapter.TransactionViewHolder,de.schildbach.wallet.ui.CircularProgressView,depends,5
de.schildbach.wallet.ui.TransactionsAdapter.TransactionViewHolder,de.schildbach.wallet.ui.CircularProgressView,holds,2
de.schildbach.wallet.ui.TransactionsAdapter.TransactionViewHolder,de.schildbach.wallet.ui.CurrencyTextView,depends,4
de.schildbach.wallet.ui.TransactionsAdapter.TransactionViewHolder,de.schildbach.wallet.ui.CurrencyTextView,holds,3
de.schildbach.wallet.ui.TransactionsAdapter.TransactionViewHolder,de.schildbach.wallet.ui.TransactionsAdapter.ListItem.TransactionItem,accepts,9
de.schildbach.wallet.ui.WalletActionsFragment,de.schildbach.wallet.ui.WalletActivity,holds,1
de.schildbach.wallet.ui.WalletActivity,de.schildbach.wallet.Configuration,depends,1
de.schildbach.wallet.ui.WalletActivity,de.schildbach.wallet.WalletApplication,depends,1
de.schildbach.wallet.ui.WalletActivity,de.schildbach.wallet.WalletApplication,holds,1
de.schildbach.wallet.ui.WalletActivity,de.schildbach.wallet.ui.AbstractWalletActivity,specializes,1
de.schildbach.wallet.ui.WalletActivity,de.schildbach.wallet.ui.InputParser,depends,1
de.schildbach.wallet.ui.WalletActivity,de.schildbach.wallet.ui.InputParser.BinaryInputParser,constructs,1
de.schildbach.wallet.ui.WalletActivity,de.schildbach.wallet.ui.InputParser.BinaryInputParser,depends,1
de.schildbach.wallet.ui.WalletActivity,de.schildbach.wallet.ui.InputParser.StringInputParser,constructs,1
de.schildbach.wallet.ui.WalletActivity,de.schildbach.wallet.ui.InputParser.StringInputParser,depends,1
de.schildbach.wallet.ui.WalletActivity,de.schildbach.wallet.ui.WalletViewModel,depends,2
de.schildbach.wallet.ui.WalletActivity,de.schildbach.wallet.ui.WalletViewModel,holds,1
de.schildbach.wallet.ui.WalletActivity,de.schildbach.wallet.util.CrashReporter,depends,1
de.schildbach.wallet.ui.WalletAddressDialogFragment,de.schildbach.wallet.util.Qr,depends,1
de.schildbach.wallet.ui.WalletAddressDialogFragment,de.schildbach.wallet.util.WalletUtils,depends,1
de.schildbach.wallet.ui.WalletAddressFragment,de.schildbach.wallet.ui.WalletActivity,holds,1
de.schildbach.wallet.ui.WalletAddressFragment,de.schildbach.wallet.ui.WalletAddressViewModel,holds,1
de.schildbach.wallet.ui.WalletAddressViewModel,de.schildbach.wallet.WalletApplication,holds,1
de.schildbach.wallet.ui.WalletAddressViewModel,de.schildbach.wallet.data.ConfigOwnNameLiveData,constructs,1
de.schildbach.wallet.ui.WalletAddressViewModel,de.schildbach.wallet.data.ConfigOwnNameLiveData,holds,1
de.schildbach.wallet.ui.WalletAddressViewModel,de.schildbach.wallet.ui.WalletAddressViewModel.CurrentAddressLiveData,constructs,1
de.schildbach.wallet.ui.WalletAddressViewModel,de.schildbach.wallet.ui.WalletAddressViewModel.CurrentAddressLiveData,holds,1
de.schildbach.wallet.ui.WalletAddressViewModel.CurrentAddressLiveData,de.schildbach.wallet.WalletApplication,accepts,1
de.schildbach.wallet.ui.WalletAddressViewModel.CurrentAddressLiveData,de.schildbach.wallet.ui.WalletAddressViewModel.CurrentAddressLiveData.WalletListener,constructs,1
de.schildbach.wallet.ui.WalletAddressViewModel.CurrentAddressLiveData,de.schildbach.wallet.ui.WalletAddressViewModel.CurrentAddressLiveData.WalletListener,holds,1
de.schildbach.wallet.ui.WalletAddressesAdapter,de.schildbach.wallet.data.AddressBookEntry,depends,1
de.schildbach.wallet.ui.WalletAddressesFragment,de.schildbach.wallet.WalletApplication,holds,1
de.schildbach.wallet.ui.WalletAddressesFragment,de.schildbach.wallet.data.AddressBookDao,holds,1
de.schildbach.wallet.ui.WalletAddressesFragment,de.schildbach.wallet.ui.AbstractWalletActivity,depends,1
de.schildbach.wallet.ui.WalletAddressesFragment,de.schildbach.wallet.ui.AbstractWalletActivity,holds,1
de.schildbach.wallet.ui.WalletAddressesFragment,de.schildbach.wallet.ui.FancyListFragment,specializes,1
de.schildbach.wallet.ui.WalletAddressesFragment,de.schildbach.wallet.ui.WalletAddressesAdapter,holds,1
de.schildbach.wallet.ui.WalletAddressesFragment,de.schildbach.wallet.ui.WalletAddressesViewModel,holds,1
de.schildbach.wallet.ui.WalletAddressesViewModel,de.schildbach.wallet.WalletApplication,holds,1
de.schildbach.wallet.ui.WalletAddressesViewModel,de.schildbach.wallet.data.ConfigOwnNameLiveData,constructs,1
de.schildbach.wallet.ui.WalletAddressesViewModel,de.schildbach.wallet.data.ConfigOwnNameLiveData,holds,1
de.schildbach.wallet.ui.WalletAddressesViewModel,de.schildbach.wallet.data.WalletLiveData,constructs,1
de.schildbach.wallet.ui.WalletAddressesViewModel,de.schildbach.wallet.data.WalletLiveData,holds,1
de.schildbach.wallet.ui.WalletAddressesViewModel,de.schildbach.wallet.ui.WalletAddressesViewModel.ImportedKeysLiveData,constructs,1
de.schildbach.wallet.ui.WalletAddressesViewModel,de.schildbach.wallet.ui.WalletAddressesViewModel.ImportedKeysLiveData,holds,1
de.schildbach.wallet.ui.WalletAddressesViewModel,de.schildbach.wallet.ui.WalletAddressesViewModel.IssuedReceiveKeysLiveData,constructs,1
de.schildbach.wallet.ui.WalletAddressesViewModel,de.schildbach.wallet.ui.WalletAddressesViewModel.IssuedReceiveKeysLiveData,holds,1
de.schildbach.wallet.ui.WalletAddressesViewModel.ImportedKeysLiveData,de.schildbach.wallet.WalletApplication,accepts,1
de.schildbach.wallet.ui.WalletAddressesViewModel.IssuedReceiveKeysLiveData,de.schildbach.wallet.WalletApplication,accepts,1
de.schildbach.wallet.ui.WalletBalanceFragment,de.schildbach.wallet.Configuration,holds,1
de.schildbach.wallet.ui.WalletBalanceFragment,de.schildbach.wallet.WalletApplication,holds,1
de.schildbach.wallet.ui.WalletBalanceFragment,de.schildbach.wallet.ui.CurrencyTextView,holds,2
de.schildbach.wallet.ui.WalletBalanceFragment,de.schildbach.wallet.ui.WalletActivity,holds,1
de.schildbach.wallet.ui.WalletBalanceFragment,de.schildbach.wallet.ui.WalletBalanceFragment.ViewModel,holds,1
de.schildbach.wallet.ui.WalletBalanceFragment.ViewModel,de.schildbach.wallet.Configuration,depends,1
de.schildbach.wallet.ui.WalletBalanceFragment.ViewModel,de.schildbach.wallet.WalletApplication,depends,1
de.schildbach.wallet.ui.WalletBalanceFragment.ViewModel,de.schildbach.wallet.WalletApplication,holds,1
de.schildbach.wallet.ui.WalletBalanceFragment.ViewModel,de.schildbach.wallet.data.BlockchainStateLiveData,constructs,1
de.schildbach.wallet.ui.WalletBalanceFragment.ViewModel,de.schildbach.wallet.data.BlockchainStateLiveData,holds,1
de.schildbach.wallet.ui.WalletBalanceFragment.ViewModel,de.schildbach.wallet.data.BlockchainStateLiveData,returns,1
de.schildbach.wallet.ui.WalletBalanceFragment.ViewModel,de.schildbach.wallet.data.ExchangeRate,depends,1
de.schildbach.wallet.ui.WalletBalanceFragment.ViewModel,de.schildbach.wallet.data.SelectedExchangeRateLiveData,constructs,1
de.schildbach.wallet.ui.WalletBalanceFragment.ViewModel,de.schildbach.wallet.data.SelectedExchangeRateLiveData,holds,1
de.schildbach.wallet.ui.WalletBalanceFragment.ViewModel,de.schildbach.wallet.data.SelectedExchangeRateLiveData,returns,1
de.schildbach.wallet.ui.WalletBalanceFragment.ViewModel,de.schildbach.wallet.data.WalletBalanceLiveData,constructs,1
de.schildbach.wallet.ui.WalletBalanceFragment.ViewModel,de.schildbach.wallet.data.WalletBalanceLiveData,holds,1
de.schildbach.wallet.ui.WalletBalanceFragment.ViewModel,de.schildbach.wallet.data.WalletBalanceLiveData,returns,1
de.schildbach.wallet.ui.WalletBalanceFragment.ViewModel,de.schildbach.wallet.ui.CurrencyTextView,depends,3
de.schildbach.wallet.ui.WalletBalanceFragment.ViewModel,de.schildbach.wallet.ui.WalletBalanceFragment,depends,1
de.schildbach.wallet.ui.WalletDisclaimerFragment,de.schildbach.wallet.ui.WalletDisclaimerFragment.ViewModel,holds,1
de.schildbach.wallet.ui.WalletDisclaimerFragment.DisclaimerEnabledLiveData,de.schildbach.wallet.Configuration,depends,2
de.schildbach.wallet.ui.WalletDisclaimerFragment.DisclaimerEnabledLiveData,de.schildbach.wallet.Configuration,holds,1
de.schildbach.wallet.ui.WalletDisclaimerFragment.DisclaimerEnabledLiveData,de.schildbach.wallet.WalletApplication,accepts,1
de.schildbach.wallet.ui.WalletDisclaimerFragment.DisclaimerEnabledLiveData,de.schildbach.wallet.WalletApplication,depends,1
de.schildbach.wallet.ui.WalletDisclaimerFragment.ViewModel,de.schildbach.wallet.WalletApplication,holds,1
de.schildbach.wallet.ui.WalletDisclaimerFragment.ViewModel,de.schildbach.wallet.data.BlockchainStateLiveData,constructs,1
de.schildbach.wallet.ui.WalletDisclaimerFragment.ViewModel,de.schildbach.wallet.data.BlockchainStateLiveData,holds,1
de.schildbach.wallet.ui.WalletDisclaimerFragment.ViewModel,de.schildbach.wallet.data.BlockchainStateLiveData,returns,1
de.schildbach.wallet.ui.WalletDisclaimerFragment.ViewModel,de.schildbach.wallet.ui.WalletDisclaimerFragment.DisclaimerEnabledLiveData,constructs,1
de.schildbach.wallet.ui.WalletDisclaimerFragment.ViewModel,de.schildbach.wallet.ui.WalletDisclaimerFragment.DisclaimerEnabledLiveData,holds,1
de.schildbach.wallet.ui.WalletDisclaimerFragment.ViewModel,de.schildbach.wallet.ui.WalletDisclaimerFragment.DisclaimerEnabledLiveData,returns,1
de.schildbach.wallet.ui.WalletTransactionsFragment,de.schildbach.wallet.Configuration,depends,1
de.schildbach.wallet.ui.WalletTransactionsFragment,de.schildbach.wallet.Configuration,holds,1
de.schildbach.wallet.ui.WalletTransactionsFragment,de.schildbach.wallet.WalletApplication,depends,2
de.schildbach.wallet.ui.WalletTransactionsFragment,de.schildbach.wallet.WalletApplication,holds,1
de.schildbach.wallet.ui.WalletTransactionsFragment,de.schildbach.wallet.data.AddressBookDao,holds,1
de.schildbach.wallet.ui.WalletTransactionsFragment,de.schildbach.wallet.ui.AbstractWalletActivity,depends,1
de.schildbach.wallet.ui.WalletTransactionsFragment,de.schildbach.wallet.ui.AbstractWalletActivity,holds,1
de.schildbach.wallet.ui.WalletTransactionsFragment,de.schildbach.wallet.ui.TransactionsAdapter,holds,1
de.schildbach.wallet.ui.WalletTransactionsFragment,de.schildbach.wallet.ui.TransactionsAdapter.ItemAnimator,constructs,1
de.schildbach.wallet.ui.WalletTransactionsFragment,de.schildbach.wallet.ui.TransactionsAdapter.OnClickListener,specializes,1
de.schildbach.wallet.ui.WalletTransactionsFragment,de.schildbach.wallet.ui.TransactionsAdapter.WarningType,returns,1
de.schildbach.wallet.ui.WalletTransactionsFragment,de.schildbach.wallet.ui.WalletTransactionsViewModel,depends,2
de.schildbach.wallet.ui.WalletTransactionsFragment,de.schildbach.wallet.ui.WalletTransactionsViewModel,holds,1
de.schildbach.wallet.ui.WalletTransactionsViewModel,de.schildbach.wallet.WalletApplication,holds,1
de.schildbach.wallet.ui.WalletTransactionsViewModel,de.schildbach.wallet.data.ConfigFormatLiveData,holds,1
de.schildbach.wallet.ui.WalletTransactionsViewModel,de.schildbach.wallet.data.WalletLiveData,holds,1
de.schildbach.wallet.ui.WalletTransactionsViewModel,de.schildbach.wallet.ui.TransactionsAdapter.WarningType,accepts,1
de.schildbach.wallet.ui.WalletTransactionsViewModel,de.schildbach.wallet.ui.WalletTransactionsViewModel.Direction,accepts,1
de.schildbach.wallet.ui.WalletTransactionsViewModel,de.schildbach.wallet.ui.WalletTransactionsViewModel.TransactionsConfidenceLiveData,holds,1
de.schildbach.wallet.ui.WalletTransactionsViewModel,de.schildbach.wallet.ui.WalletTransactionsViewModel.TransactionsLiveData,holds,1
de.schildbach.wallet.ui.WalletTransactionsViewModel.Direction,de.schildbach.wallet.WalletApplication,depends,2
de.schildbach.wallet.ui.WalletTransactionsViewModel.Direction,de.schildbach.wallet.data.ConfigFormatLiveData,constructs,1
de.schildbach.wallet.ui.WalletTransactionsViewModel.Direction,de.schildbach.wallet.data.WalletLiveData,constructs,1
de.schildbach.wallet.ui.WalletTransactionsViewModel.Direction,de.schildbach.wallet.ui.WalletTransactionsViewModel.TransactionsConfidenceLiveData,constructs,1
de.schildbach.wallet.ui.WalletTransactionsViewModel.Direction,de.schildbach.wallet.ui.WalletTransactionsViewModel.TransactionsLiveData,constructs,1
de.schildbach.wallet.ui.WalletTransactionsViewModel.TransactionsConfidenceLiveData,de.schildbach.wallet.WalletApplication,accepts,1
de.schildbach.wallet.ui.WalletTransactionsViewModel.TransactionsConfidenceLiveData,de.schildbach.wallet.data.AbstractWalletLiveData,specializes,1
de.schildbach.wallet.ui.WalletTransactionsViewModel.TransactionsLiveData,de.schildbach.wallet.WalletApplication,accepts,1
de.schildbach.wallet.ui.WalletTransactionsViewModel.TransactionsLiveData,de.schildbach.wallet.ui.WalletTransactionsViewModel.TransactionsLiveData.WalletListener,constructs,1
de.schildbach.wallet.ui.WalletTransactionsViewModel.TransactionsLiveData,de.schildbach.wallet.ui.WalletTransactionsViewModel.TransactionsLiveData.WalletListener,holds,1
de.schildbach.wallet.ui.WalletViewModel,de.schildbach.wallet.WalletApplication,holds,1
de.schildbach.wallet.ui.WalletViewModel,de.schildbach.wallet.ui.WalletViewModel.WalletEncryptedLiveData,holds,1
de.schildbach.wallet.ui.WalletViewModel,de.schildbach.wallet.util.OnFirstPreDraw.Callback,specializes,1
de.schildbach.wallet.ui.WalletViewModel.EnterAnimationState,de.schildbach.wallet.ui.WalletViewModel,depends,5
de.schildbach.wallet.ui.WalletViewModel.EnterAnimationState,de.schildbach.wallet.ui.WalletViewModel.WalletEncryptedLiveData,constructs,1
de.schildbach.wallet.ui.WalletViewModel.WalletEncryptedLiveData,de.schildbach.wallet.WalletApplication,accepts,1
de.schildbach.wallet.ui.WalletViewModel.WalletEncryptedLiveData,de.schildbach.wallet.data.AbstractWalletLiveData,specializes,1
de.schildbach.wallet.ui.backup.BackupWalletDialogFragment,de.schildbach.wallet.Configuration,depends,1
de.schildbach.wallet.ui.backup.BackupWalletDialogFragment,de.schildbach.wallet.WalletApplication,depends,1
de.schildbach.wallet.ui.backup.BackupWalletDialogFragment,de.schildbach.wallet.WalletApplication,holds,1
de.schildbach.wallet.ui.backup.BackupWalletDialogFragment,de.schildbach.wallet.ui.AbstractWalletActivity,depends,1
de.schildbach.wallet.ui.backup.BackupWalletDialogFragment,de.schildbach.wallet.ui.AbstractWalletActivity,holds,1
de.schildbach.wallet.ui.backup.BackupWalletDialogFragment,de.schildbach.wallet.ui.backup.BackupWalletViewModel,holds,1
de.schildbach.wallet.ui.backup.BackupWalletDialogFragment,de.schildbach.wallet.util.Crypto,depends,1
de.schildbach.wallet.ui.backup.BackupWalletDialogFragment,de.schildbach.wallet.util.Iso8601Format,depends,1
de.schildbach.wallet.ui.backup.BackupWalletViewModel,de.schildbach.wallet.WalletApplication,holds,1
de.schildbach.wallet.ui.backup.BackupWalletViewModel,de.schildbach.wallet.data.WalletLiveData,constructs,1
de.schildbach.wallet.ui.backup.BackupWalletViewModel,de.schildbach.wallet.data.WalletLiveData,holds,1
de.schildbach.wallet.ui.backup.RestoreWalletDialogFragment,de.schildbach.wallet.Configuration,depends,1
de.schildbach.wallet.ui.backup.RestoreWalletDialogFragment,de.schildbach.wallet.Configuration,holds,1
de.schildbach.wallet.ui.backup.RestoreWalletDialogFragment,de.schildbach.wallet.WalletApplication,depends,1
de.schildbach.wallet.ui.backup.RestoreWalletDialogFragment,de.schildbach.wallet.WalletApplication,holds,1
de.schildbach.wallet.ui.backup.RestoreWalletDialogFragment,de.schildbach.wallet.ui.AbstractWalletActivity,depends,1
de.schildbach.wallet.ui.backup.RestoreWalletDialogFragment,de.schildbach.wallet.ui.AbstractWalletActivity,holds,1
de.schildbach.wallet.ui.backup.RestoreWalletDialogFragment,de.schildbach.wallet.ui.backup.FileAdapter,depends,1
de.schildbach.wallet.ui.backup.RestoreWalletDialogFragment,de.schildbach.wallet.ui.backup.RestoreWalletViewModel,holds,1
de.schildbach.wallet.ui.backup.RestoreWalletDialogFragment,de.schildbach.wallet.util.Crypto,depends,1
de.schildbach.wallet.ui.backup.RestoreWalletDialogFragment,de.schildbach.wallet.util.Io,depends,1
de.schildbach.wallet.ui.backup.RestoreWalletDialogFragment.SuccessDialogFragment,de.schildbach.wallet.ui.DialogBuilder,depends,1
de.schildbach.wallet.ui.backup.RestoreWalletFromExternalActivity,de.schildbach.wallet.ui.AbstractWalletActivity,specializes,1
de.schildbach.wallet.ui.backup.RestoreWalletFromExternalDialogFragment,de.schildbach.wallet.Configuration,depends,1
de.schildbach.wallet.ui.backup.RestoreWalletFromExternalDialogFragment,de.schildbach.wallet.Configuration,holds,1
de.schildbach.wallet.ui.backup.RestoreWalletFromExternalDialogFragment,de.schildbach.wallet.WalletApplication,depends,1
de.schildbach.wallet.ui.backup.RestoreWalletFromExternalDialogFragment,de.schildbach.wallet.WalletApplication,holds,1
de.schildbach.wallet.ui.backup.RestoreWalletFromExternalDialogFragment,de.schildbach.wallet.ui.AbstractWalletActivity,depends,1
de.schildbach.wallet.ui.backup.RestoreWalletFromExternalDialogFragment,de.schildbach.wallet.ui.AbstractWalletActivity,holds,1
de.schildbach.wallet.ui.backup.RestoreWalletFromExternalDialogFragment,de.schildbach.wallet.ui.backup.RestoreWalletViewModel,holds,1
de.schildbach.wallet.ui.backup.RestoreWalletFromExternalDialogFragment,de.schildbach.wallet.util.Crypto,depends,1
de.schildbach.wallet.ui.backup.RestoreWalletFromExternalDialogFragment,de.schildbach.wallet.util.Io,depends,1
de.schildbach.wallet.ui.backup.RestoreWalletFromExternalDialogFragment.SuccessDialogFragment,de.schildbach.wallet.ui.DialogBuilder,depends,1
de.schildbach.wallet.ui.backup.RestoreWalletViewModel,de.schildbach.wallet.WalletApplication,holds,1
de.schildbach.wallet.ui.backup.RestoreWalletViewModel,de.schildbach.wallet.data.WalletBalanceLiveData,constructs,1
de.schildbach.wallet.ui.backup.RestoreWalletViewModel,de.schildbach.wallet.data.WalletBalanceLiveData,holds,1
de.schildbach.wallet.ui.monitor.BlockListAdapter,de.schildbach.wallet.ui.monitor.BlockListAdapter.ListItem.ListTransaction,accepts,1
de.schildbach.wallet.ui.monitor.BlockListAdapter,de.schildbach.wallet.ui.monitor.BlockListAdapter.OnClickListener,accepts,1
de.schildbach.wallet.ui.monitor.BlockListAdapter,de.schildbach.wallet.ui.monitor.BlockListAdapter.OnClickListener,holds,1
de.schildbach.wallet.ui.monitor.BlockListAdapter,de.schildbach.wallet.ui.monitor.BlockListAdapter.ViewHolder,accepts,1
de.schildbach.wallet.ui.monitor.BlockListAdapter,de.schildbach.wallet.ui.monitor.BlockListAdapter.ViewHolder,returns,1
de.schildbach.wallet.ui.monitor.BlockListAdapter.ListItem.ListTransaction,de.schildbach.wallet.data.AddressBookEntry,depends,1
de.schildbach.wallet.ui.monitor.BlockListAdapter.ListItem.ListTransaction,de.schildbach.wallet.ui.CurrencyTextView,depends,1
de.schildbach.wallet.ui.monitor.BlockListFragment,de.schildbach.wallet.Configuration,holds,1
de.schildbach.wallet.ui.monitor.BlockListFragment,de.schildbach.wallet.WalletApplication,holds,1
de.schildbach.wallet.ui.monitor.BlockListFragment,de.schildbach.wallet.ui.AbstractWalletActivity,holds,1
de.schildbach.wallet.ui.monitor.BlockListFragment,de.schildbach.wallet.ui.monitor.BlockListAdapter,holds,1
de.schildbach.wallet.ui.monitor.BlockListFragment,de.schildbach.wallet.ui.monitor.BlockListAdapter.OnClickListener,specializes,1
de.schildbach.wallet.ui.monitor.BlockListFragment,de.schildbach.wallet.ui.monitor.BlockListFragment.ViewModel,holds,1
de.schildbach.wallet.ui.monitor.BlockListFragment.BlocksLiveData,de.schildbach.wallet.WalletApplication,accepts,1
de.schildbach.wallet.ui.monitor.BlockListFragment.BlocksLiveData,de.schildbach.wallet.WalletApplication,holds,1
de.schildbach.wallet.ui.monitor.BlockListFragment.BlocksLiveData,de.schildbach.wallet.service.BlockchainService,depends,1
de.schildbach.wallet.ui.monitor.BlockListFragment.BlocksLiveData,de.schildbach.wallet.service.BlockchainService,holds,1
de.schildbach.wallet.ui.monitor.BlockListFragment.BlocksLiveData,de.schildbach.wallet.service.BlockchainService.LocalBinder,depends,1
de.schildbach.wallet.ui.monitor.BlockListFragment.TransactionsLiveData,de.schildbach.wallet.WalletApplication,accepts,1
de.schildbach.wallet.ui.monitor.BlockListFragment.ViewModel,de.schildbach.wallet.Configuration,depends,1
de.schildbach.wallet.ui.monitor.BlockListFragment.ViewModel,de.schildbach.wallet.WalletApplication,depends,1
de.schildbach.wallet.ui.monitor.BlockListFragment.ViewModel,de.schildbach.wallet.WalletApplication,holds,1
de.schildbach.wallet.ui.monitor.BlockListFragment.ViewModel,de.schildbach.wallet.data.TimeLiveData,constructs,1
de.schildbach.wallet.ui.monitor.BlockListFragment.ViewModel,de.schildbach.wallet.data.TimeLiveData,holds,1
de.schildbach.wallet.ui.monitor.BlockListFragment.ViewModel,de.schildbach.wallet.data.TimeLiveData,returns,1
de.schildbach.wallet.ui.monitor.BlockListFragment.ViewModel,de.schildbach.wallet.data.WalletLiveData,constructs,1
de.schildbach.wallet.ui.monitor.BlockListFragment.ViewModel,de.schildbach.wallet.data.WalletLiveData,holds,1
de.schildbach.wallet.ui.monitor.BlockListFragment.ViewModel,de.schildbach.wallet.data.WalletLiveData,returns,1
de.schildbach.wallet.ui.monitor.BlockListFragment.ViewModel,de.schildbach.wallet.ui.AbstractWalletActivity,depends,1
de.schildbach.wallet.ui.monitor.BlockListFragment.ViewModel,de.schildbach.wallet.ui.monitor.BlockListFragment.BlocksLiveData,constructs,1
de.schildbach.wallet.ui.monitor.BlockListFragment.ViewModel,de.schildbach.wallet.ui.monitor.BlockListFragment.BlocksLiveData,holds,1
de.schildbach.wallet.ui.monitor.BlockListFragment.ViewModel,de.schildbach.wallet.ui.monitor.BlockListFragment.BlocksLiveData,returns,1
de.schildbach.wallet.ui.monitor.BlockListFragment.ViewModel,de.schildbach.wallet.ui.monitor.BlockListFragment.TransactionsLiveData,constructs,1
de.schildbach.wallet.ui.monitor.BlockListFragment.ViewModel,de.schildbach.wallet.ui.monitor.BlockListFragment.TransactionsLiveData,holds,1
de.schildbach.wallet.ui.monitor.BlockListFragment.ViewModel,de.schildbach.wallet.ui.monitor.BlockListFragment.TransactionsLiveData,returns,1
de.schildbach.wallet.ui.monitor.NetworkMonitorActivity,de.schildbach.wallet.ui.AbstractWalletActivity,specializes,1
de.schildbach.wallet.ui.monitor.NetworkMonitorActivity,de.schildbach.wallet.ui.monitor.BlockListFragment,constructs,1
de.schildbach.wallet.ui.monitor.NetworkMonitorActivity,de.schildbach.wallet.ui.monitor.BlockListFragment,holds,1
de.schildbach.wallet.ui.monitor.NetworkMonitorActivity,de.schildbach.wallet.ui.monitor.PeerListFragment,constructs,1
de.schildbach.wallet.ui.monitor.NetworkMonitorActivity,de.schildbach.wallet.ui.monitor.PeerListFragment,holds,1
de.schildbach.wallet.ui.monitor.PeerListAdapter,de.schildbach.wallet.ui.monitor.PeerListAdapter.ViewHolder,accepts,1
de.schildbach.wallet.ui.monitor.PeerListAdapter,de.schildbach.wallet.ui.monitor.PeerListAdapter.ViewHolder,returns,1
de.schildbach.wallet.ui.monitor.PeerListFragment,de.schildbach.wallet.ui.monitor.PeerListAdapter,holds,1
de.schildbach.wallet.ui.monitor.PeerListFragment,de.schildbach.wallet.ui.monitor.PeerListFragment.ViewModel,holds,1
de.schildbach.wallet.ui.monitor.PeerListFragment.HostnamesLiveData,de.schildbach.wallet.WalletApplication,accepts,1
de.schildbach.wallet.ui.monitor.PeerListFragment.PeersLiveData,de.schildbach.wallet.WalletApplication,accepts,1
de.schildbach.wallet.ui.monitor.PeerListFragment.PeersLiveData,de.schildbach.wallet.WalletApplication,holds,1
de.schildbach.wallet.ui.monitor.PeerListFragment.PeersLiveData,de.schildbach.wallet.service.BlockchainService,depends,1
de.schildbach.wallet.ui.monitor.PeerListFragment.PeersLiveData,de.schildbach.wallet.service.BlockchainService,holds,1
de.schildbach.wallet.ui.monitor.PeerListFragment.PeersLiveData,de.schildbach.wallet.service.BlockchainService.LocalBinder,depends,1
de.schildbach.wallet.ui.monitor.PeerListFragment.ViewModel,de.schildbach.wallet.WalletApplication,holds,1
de.schildbach.wallet.ui.monitor.PeerListFragment.ViewModel,de.schildbach.wallet.ui.monitor.PeerListFragment.HostnamesLiveData,constructs,1
de.schildbach.wallet.ui.monitor.PeerListFragment.ViewModel,de.schildbach.wallet.ui.monitor.PeerListFragment.HostnamesLiveData,holds,1
de.schildbach.wallet.ui.monitor.PeerListFragment.ViewModel,de.schildbach.wallet.ui.monitor.PeerListFragment.HostnamesLiveData,returns,1
de.schildbach.wallet.ui.monitor.PeerListFragment.ViewModel,de.schildbach.wallet.ui.monitor.PeerListFragment.PeersLiveData,constructs,1
de.schildbach.wallet.ui.monitor.PeerListFragment.ViewModel,de.schildbach.wallet.ui.monitor.PeerListFragment.PeersLiveData,holds,1
de.schildbach.wallet.ui.monitor.PeerListFragment.ViewModel,de.schildbach.wallet.ui.monitor.PeerListFragment.PeersLiveData,returns,1
de.schildbach.wallet.ui.preference.AboutFragment,de.schildbach.wallet.WalletApplication,depends,1
de.schildbach.wallet.ui.preference.AboutFragment,de.schildbach.wallet.WalletApplication,holds,1
de.schildbach.wallet.ui.preference.DiagnosticsFragment,de.schildbach.wallet.WalletApplication,depends,1
de.schildbach.wallet.ui.preference.DiagnosticsFragment,de.schildbach.wallet.WalletApplication,holds,1
de.schildbach.wallet.ui.preference.ExtendedPublicKeyFragment,de.schildbach.wallet.util.Qr,depends,1
de.schildbach.wallet.ui.preference.SettingsFragment,de.schildbach.wallet.Configuration,depends,1
de.schildbach.wallet.ui.preference.SettingsFragment,de.schildbach.wallet.Configuration,holds,1
de.schildbach.wallet.ui.preference.SettingsFragment,de.schildbach.wallet.WalletApplication,depends,1
de.schildbach.wallet.ui.preference.SettingsFragment,de.schildbach.wallet.WalletApplication,holds,1
de.schildbach.wallet.ui.preference.SettingsFragment,de.schildbach.wallet.ui.preference.ResolveDnsTask,depends,1
de.schildbach.wallet.ui.scan.ScanActivity,de.schildbach.wallet.data.SingleLiveEvent,depends,2
de.schildbach.wallet.ui.scan.ScanActivity,de.schildbach.wallet.ui.AbstractWalletActivity,specializes,1
de.schildbach.wallet.ui.scan.ScanActivity,de.schildbach.wallet.ui.scan.CameraManager,constructs,1
de.schildbach.wallet.ui.scan.ScanActivity,de.schildbach.wallet.ui.scan.CameraManager,depends,6
de.schildbach.wallet.ui.scan.ScanActivity,de.schildbach.wallet.ui.scan.CameraManager,holds,1
de.schildbach.wallet.ui.scan.ScanActivity,de.schildbach.wallet.ui.scan.ScanViewModel,holds,1
de.schildbach.wallet.ui.scan.ScanActivity,de.schildbach.wallet.ui.scan.ScannerView,depends,1
de.schildbach.wallet.ui.scan.ScanActivity,de.schildbach.wallet.ui.scan.ScannerView,holds,1
de.schildbach.wallet.ui.scan.ScanActivity.AutoFocusRunnable,de.schildbach.wallet.ui.scan.CameraManager,depends,1
de.schildbach.wallet.ui.scan.ScanViewModel,de.schildbach.wallet.data.SingleLiveEvent,constructs,2
de.schildbach.wallet.ui.scan.ScanViewModel,de.schildbach.wallet.data.SingleLiveEvent,holds,2
de.schildbach.wallet.ui.send.MaintenanceDialogFragment,de.schildbach.wallet.WalletApplication,holds,1
de.schildbach.wallet.ui.send.MaintenanceDialogFragment,de.schildbach.wallet.ui.AbstractWalletActivity,holds,1
de.schildbach.wallet.ui.send.MaintenanceDialogFragment,de.schildbach.wallet.ui.send.MaintenanceDialogFragment.State,holds,1
de.schildbach.wallet.ui.send.MaintenanceDialogFragment.State,de.schildbach.wallet.Configuration,depends,1
de.schildbach.wallet.ui.send.MaintenanceDialogFragment.State,de.schildbach.wallet.WalletApplication,depends,3
de.schildbach.wallet.ui.send.MaintenanceDialogFragment.State,de.schildbach.wallet.ui.AbstractWalletActivity,depends,1
de.schildbach.wallet.ui.send.MaintenanceDialogFragment.State,de.schildbach.wallet.ui.send.MaintenanceDialogFragment,depends,8
de.schildbach.wallet.ui.send.RaiseFeeDialogFragment,de.schildbach.wallet.Configuration,holds,1
de.schildbach.wallet.ui.send.RaiseFeeDialogFragment,de.schildbach.wallet.WalletApplication,holds,1
de.schildbach.wallet.ui.send.RaiseFeeDialogFragment,de.schildbach.wallet.ui.AbstractWalletActivity,holds,1
de.schildbach.wallet.ui.send.RaiseFeeDialogFragment,de.schildbach.wallet.ui.send.RaiseFeeDialogFragment.State,holds,1
de.schildbach.wallet.ui.send.RaiseFeeDialogFragment,de.schildbach.wallet.ui.send.RaiseFeeDialogFragment.ViewModel,holds,1
de.schildbach.wallet.ui.send.RaiseFeeDialogFragment.ViewModel,de.schildbach.wallet.Configuration,depends,1
de.schildbach.wallet.ui.send.RaiseFeeDialogFragment.ViewModel,de.schildbach.wallet.WalletApplication,depends,3
de.schildbach.wallet.ui.send.RaiseFeeDialogFragment.ViewModel,de.schildbach.wallet.WalletApplication,holds,1
de.schildbach.wallet.ui.send.RaiseFeeDialogFragment.ViewModel,de.schildbach.wallet.data.DynamicFeeLiveData,constructs,1
de.schildbach.wallet.ui.send.RaiseFeeDialogFragment.ViewModel,de.schildbach.wallet.data.DynamicFeeLiveData,holds,1
de.schildbach.wallet.ui.send.RaiseFeeDialogFragment.ViewModel,de.schildbach.wallet.data.DynamicFeeLiveData,returns,1
de.schildbach.wallet.ui.send.RaiseFeeDialogFragment.ViewModel,de.schildbach.wallet.ui.AbstractWalletActivity,depends,1
de.schildbach.wallet.ui.send.RaiseFeeDialogFragment.ViewModel,de.schildbach.wallet.ui.send.RaiseFeeDialogFragment,depends,5
de.schildbach.wallet.ui.send.RequestPaymentRequestTask,de.schildbach.wallet.data.PaymentIntent,accepts,1
de.schildbach.wallet.ui.send.RequestPaymentRequestTask,de.schildbach.wallet.ui.send.RequestPaymentRequestTask.ResultCallback,accepts,1
de.schildbach.wallet.ui.send.RequestPaymentRequestTask,de.schildbach.wallet.ui.send.RequestPaymentRequestTask.ResultCallback,holds,1
de.schildbach.wallet.ui.send.RequestPaymentRequestTask.BluetoothRequestTask,de.schildbach.wallet.ui.InputParser.BinaryInputParser,depends,1
de.schildbach.wallet.ui.send.RequestPaymentRequestTask.BluetoothRequestTask,de.schildbach.wallet.ui.send.RequestPaymentRequestTask,depends,2
de.schildbach.wallet.ui.send.RequestPaymentRequestTask.BluetoothRequestTask,de.schildbach.wallet.ui.send.RequestPaymentRequestTask,specializes,1
de.schildbach.wallet.ui.send.RequestPaymentRequestTask.BluetoothRequestTask,de.schildbach.wallet.ui.send.RequestPaymentRequestTask.ResultCallback,accepts,1
de.schildbach.wallet.ui.send.RequestPaymentRequestTask.BluetoothRequestTask,de.schildbach.wallet.ui.send.RequestPaymentRequestTask.ResultCallback,depends,2
de.schildbach.wallet.ui.send.RequestPaymentRequestTask.BluetoothRequestTask,de.schildbach.wallet.util.Bluetooth,depends,3
de.schildbach.wallet.ui.send.RequestPaymentRequestTask.HttpRequestTask,de.schildbach.wallet.ui.InputParser.StreamInputParser,constructs,1
de.schildbach.wallet.ui.send.RequestPaymentRequestTask.HttpRequestTask,de.schildbach.wallet.ui.InputParser.StreamInputParser,depends,1
de.schildbach.wallet.ui.send.RequestPaymentRequestTask.HttpRequestTask,de.schildbach.wallet.ui.send.RequestPaymentRequestTask,depends,2
de.schildbach.wallet.ui.send.RequestPaymentRequestTask.HttpRequestTask,de.schildbach.wallet.ui.send.RequestPaymentRequestTask,specializes,1
de.schildbach.wallet.ui.send.RequestPaymentRequestTask.HttpRequestTask,de.schildbach.wallet.ui.send.RequestPaymentRequestTask.ResultCallback,accepts,1
de.schildbach.wallet.ui.send.RequestPaymentRequestTask.ResultCallback,de.schildbach.wallet.data.PaymentIntent,accepts,1
de.schildbach.wallet.ui.send.RequestWalletBalanceTask,de.schildbach.wallet.ui.send.RequestWalletBalanceTask.ResultCallback,accepts,1
de.schildbach.wallet.ui.send.RequestWalletBalanceTask,de.schildbach.wallet.ui.send.RequestWalletBalanceTask.ResultCallback,holds,1
de.schildbach.wallet.ui.send.RequestWalletBalanceTask.ElectrumServer,de.schildbach.wallet.ui.send.RequestWalletBalanceTask.ElectrumServer.Type,holds,1
de.schildbach.wallet.ui.send.RequestWalletBalanceTask.ElectrumServer.Type,de.schildbach.wallet.ui.send.RequestWalletBalanceTask.ElectrumServer,constructs,1
de.schildbach.wallet.ui.send.RequestWalletBalanceTask.JsonRpcResponse.Utxo,de.schildbach.wallet.ui.send.RequestWalletBalanceTask,depends,2
de.schildbach.wallet.ui.send.RequestWalletBalanceTask.JsonRpcResponse.Utxo,de.schildbach.wallet.ui.send.RequestWalletBalanceTask.JsonRpcRequest,constructs,1
de.schildbach.wallet.ui.send.RequestWalletBalanceTask.JsonRpcResponse.Utxo,de.schildbach.wallet.ui.send.RequestWalletBalanceTask.ResultCallback,depends,1
de.schildbach.wallet.ui.send.SendCoinsActivity,de.schildbach.wallet.data.PaymentIntent,accepts,2
de.schildbach.wallet.ui.send.SendCoinsActivity,de.schildbach.wallet.ui.AbstractWalletActivity,specializes,1
de.schildbach.wallet.ui.send.SendCoinsActivity,de.schildbach.wallet.ui.send.FeeCategory,accepts,2
de.schildbach.wallet.ui.send.SendCoinsFragment,de.schildbach.wallet.Configuration,holds,1
de.schildbach.wallet.ui.send.SendCoinsFragment,de.schildbach.wallet.WalletApplication,holds,1
de.schildbach.wallet.ui.send.SendCoinsFragment,de.schildbach.wallet.data.AddressBookDao,holds,1
de.schildbach.wallet.ui.send.SendCoinsFragment,de.schildbach.wallet.data.PaymentIntent,accepts,1
de.schildbach.wallet.ui.send.SendCoinsFragment,de.schildbach.wallet.ui.AbstractWalletActivity,holds,1
de.schildbach.wallet.ui.send.SendCoinsFragment,de.schildbach.wallet.ui.CurrencyAmountView.Listener,holds,1
de.schildbach.wallet.ui.send.SendCoinsFragment,de.schildbach.wallet.ui.CurrencyCalculatorLink,holds,1
de.schildbach.wallet.ui.send.SendCoinsFragment,de.schildbach.wallet.ui.TransactionsAdapter.TransactionViewHolder,holds,1
de.schildbach.wallet.ui.send.SendCoinsFragment,de.schildbach.wallet.ui.send.FeeCategory,accepts,1
de.schildbach.wallet.ui.send.SendCoinsFragment,de.schildbach.wallet.ui.send.SendCoinsFragment.ReceivingAddressListener,holds,1
de.schildbach.wallet.ui.send.SendCoinsFragment,de.schildbach.wallet.ui.send.SendCoinsFragment.ReceivingAddressViewAdapter,holds,1
de.schildbach.wallet.ui.send.SendCoinsFragment,de.schildbach.wallet.ui.send.SendCoinsViewModel,holds,1
de.schildbach.wallet.ui.send.SendCoinsFragment,de.schildbach.wallet.ui.send.SendCoinsViewModel.State,accepts,1
de.schildbach.wallet.ui.send.SendCoinsFragment.ReceivingAddressListener,de.schildbach.wallet.data.AddressBookEntry,depends,2
de.schildbach.wallet.ui.send.SendCoinsFragment.ReceivingAddressListener,de.schildbach.wallet.ui.send.SendCoinsFragment,depends,5
de.schildbach.wallet.ui.send.SendCoinsFragment.ReceivingAddressViewAdapter,de.schildbach.wallet.Configuration,depends,8
de.schildbach.wallet.ui.send.SendCoinsFragment.ReceivingAddressViewAdapter,de.schildbach.wallet.WalletApplication,depends,5
de.schildbach.wallet.ui.send.SendCoinsFragment.ReceivingAddressViewAdapter,de.schildbach.wallet.data.AddressBookDao,depends,1
de.schildbach.wallet.ui.send.SendCoinsFragment.ReceivingAddressViewAdapter,de.schildbach.wallet.data.AddressBookEntry,depends,2
de.schildbach.wallet.ui.send.SendCoinsFragment.ReceivingAddressViewAdapter,de.schildbach.wallet.data.PaymentIntent,depends,36
de.schildbach.wallet.ui.send.SendCoinsFragment.ReceivingAddressViewAdapter,de.schildbach.wallet.ui.AbstractWalletActivity,depends,1
de.schildbach.wallet.ui.send.SendCoinsFragment.ReceivingAddressViewAdapter,de.schildbach.wallet.ui.CurrencyCalculatorLink,constructs,1
de.schildbach.wallet.ui.send.SendCoinsFragment.ReceivingAddressViewAdapter,de.schildbach.wallet.ui.CurrencyCalculatorLink,depends,11
de.schildbach.wallet.ui.send.SendCoinsFragment.ReceivingAddressViewAdapter,de.schildbach.wallet.ui.DialogBuilder,depends,2
de.schildbach.wallet.ui.send.SendCoinsFragment.ReceivingAddressViewAdapter,de.schildbach.wallet.ui.InputParser,depends,1
de.schildbach.wallet.ui.send.SendCoinsFragment.ReceivingAddressViewAdapter,de.schildbach.wallet.ui.InputParser.BinaryInputParser,constructs,1
de.schildbach.wallet.ui.send.SendCoinsFragment.ReceivingAddressViewAdapter,de.schildbach.wallet.ui.InputParser.BinaryInputParser,depends,1
de.schildbach.wallet.ui.send.SendCoinsFragment.ReceivingAddressViewAdapter,de.schildbach.wallet.ui.InputParser.StreamInputParser,constructs,1
de.schildbach.wallet.ui.send.SendCoinsFragment.ReceivingAddressViewAdapter,de.schildbach.wallet.ui.InputParser.StreamInputParser,depends,1
de.schildbach.wallet.ui.send.SendCoinsFragment.ReceivingAddressViewAdapter,de.schildbach.wallet.ui.InputParser.StringInputParser,constructs,2
de.schildbach.wallet.ui.send.SendCoinsFragment.ReceivingAddressViewAdapter,de.schildbach.wallet.ui.InputParser.StringInputParser,depends,2
de.schildbach.wallet.ui.send.SendCoinsFragment.ReceivingAddressViewAdapter,de.schildbach.wallet.ui.TransactionsAdapter.TransactionViewHolder,depends,1
de.schildbach.wallet.ui.send.SendCoinsFragment.ReceivingAddressViewAdapter,de.schildbach.wallet.ui.send.RequestPaymentRequestTask.BluetoothRequestTask,depends,1
de.schildbach.wallet.ui.send.SendCoinsFragment.ReceivingAddressViewAdapter,de.schildbach.wallet.ui.send.RequestPaymentRequestTask.HttpRequestTask,depends,1
de.schildbach.wallet.ui.send.SendCoinsFragment.ReceivingAddressViewAdapter,de.schildbach.wallet.ui.send.SendCoinsFragment,depends,46
de.schildbach.wallet.ui.send.SendCoinsFragment.ReceivingAddressViewAdapter,de.schildbach.wallet.util.Bluetooth,depends,5
de.schildbach.wallet.ui.send.SendCoinsFragment.ReceivingAddressViewAdapter,de.schildbach.wallet.util.WalletUtils,depends,1
de.schildbach.wallet.ui.send.SendCoinsViewModel,de.schildbach.wallet.WalletApplication,holds,1
de.schildbach.wallet.ui.send.SendCoinsViewModel,de.schildbach.wallet.data.BlockchainStateLiveData,holds,1
de.schildbach.wallet.ui.send.SendCoinsViewModel,de.schildbach.wallet.data.DynamicFeeLiveData,holds,1
de.schildbach.wallet.ui.send.SendCoinsViewModel,de.schildbach.wallet.data.PaymentIntent,holds,1
de.schildbach.wallet.ui.send.SendCoinsViewModel,de.schildbach.wallet.data.SelectedExchangeRateLiveData,holds,1
de.schildbach.wallet.ui.send.SendCoinsViewModel,de.schildbach.wallet.data.WalletBalanceLiveData,holds,1
de.schildbach.wallet.ui.send.SendCoinsViewModel,de.schildbach.wallet.data.WalletLiveData,holds,1
de.schildbach.wallet.ui.send.SendCoinsViewModel,de.schildbach.wallet.ui.AddressAndLabel,holds,1
de.schildbach.wallet.ui.send.SendCoinsViewModel,de.schildbach.wallet.ui.send.FeeCategory,holds,1
de.schildbach.wallet.ui.send.SendCoinsViewModel,de.schildbach.wallet.ui.send.SendCoinsViewModel.State,holds,1
de.schildbach.wallet.ui.send.SendCoinsViewModel.State,de.schildbach.wallet.data.BlockchainStateLiveData,constructs,1
de.schildbach.wallet.ui.send.SendCoinsViewModel.State,de.schildbach.wallet.data.DynamicFeeLiveData,constructs,1
de.schildbach.wallet.ui.send.SendCoinsViewModel.State,de.schildbach.wallet.data.SelectedExchangeRateLiveData,constructs,1
de.schildbach.wallet.ui.send.SendCoinsViewModel.State,de.schildbach.wallet.data.WalletLiveData,constructs,1
de.schildbach.wallet.ui.send.SweepWalletActivity,de.schildbach.wallet.ui.AbstractWalletActivity,specializes,1
de.schildbach.wallet.ui.send.SweepWalletFragment,de.schildbach.wallet.Configuration,holds,1
de.schildbach.wallet.ui.send.SweepWalletFragment,de.schildbach.wallet.WalletApplication,holds,1
de.schildbach.wallet.ui.send.SweepWalletFragment,de.schildbach.wallet.ui.AbstractWalletActivity,holds,1
de.schildbach.wallet.ui.send.SweepWalletFragment,de.schildbach.wallet.ui.TransactionsAdapter.TransactionViewHolder,holds,1
de.schildbach.wallet.ui.send.SweepWalletFragment,de.schildbach.wallet.ui.send.SweepWalletFragment.State,accepts,1
de.schildbach.wallet.ui.send.SweepWalletFragment,de.schildbach.wallet.ui.send.SweepWalletFragment.ViewModel,holds,1
de.schildbach.wallet.ui.send.SweepWalletFragment.ViewModel,de.schildbach.wallet.Configuration,depends,1
de.schildbach.wallet.ui.send.SweepWalletFragment.ViewModel,de.schildbach.wallet.WalletApplication,depends,5
de.schildbach.wallet.ui.send.SweepWalletFragment.ViewModel,de.schildbach.wallet.WalletApplication,holds,1
de.schildbach.wallet.ui.send.SweepWalletFragment.ViewModel,de.schildbach.wallet.data.DynamicFeeLiveData,constructs,1
de.schildbach.wallet.ui.send.SweepWalletFragment.ViewModel,de.schildbach.wallet.data.DynamicFeeLiveData,holds,1
de.schildbach.wallet.ui.send.SweepWalletFragment.ViewModel,de.schildbach.wallet.data.DynamicFeeLiveData,returns,1
de.schildbach.wallet.ui.send.SweepWalletFragment.ViewModel,de.schildbach.wallet.ui.AbstractWalletActivity,depends,1
de.schildbach.wallet.ui.send.SweepWalletFragment.ViewModel,de.schildbach.wallet.ui.DialogBuilder,depends,1
de.schildbach.wallet.ui.send.SweepWalletFragment.ViewModel,de.schildbach.wallet.ui.InputParser,depends,2
de.schildbach.wallet.ui.send.SweepWalletFragment.ViewModel,de.schildbach.wallet.ui.InputParser.StringInputParser,constructs,1
de.schildbach.wallet.ui.send.SweepWalletFragment.ViewModel,de.schildbach.wallet.ui.InputParser.StringInputParser,depends,1
de.schildbach.wallet.ui.send.SweepWalletFragment.ViewModel,de.schildbach.wallet.ui.TransactionsAdapter.TransactionViewHolder,depends,1
de.schildbach.wallet.ui.send.SweepWalletFragment.ViewModel,de.schildbach.wallet.ui.send.SweepWalletFragment,depends,14
de.schildbach.wallet.ui.send.SweepWalletFragment.ViewModel,de.schildbach.wallet.ui.send.SweepWalletFragment.State,holds,1
de.schildbach.wallet.util.Bluetooth,de.schildbach.wallet.util.GenericUtils,depends,1
de.schildbach.wallet.util.CrashReporter,de.schildbach.wallet.util.CrashReporter.ExceptionHandler,constructs,1
de.schildbach.wallet.util.CrashReporter.ExceptionHandler,de.schildbach.wallet.util.CrashReporter,depends,1
de.schildbach.wallet.util.OnFirstPreDraw,de.schildbach.wallet.util.OnFirstPreDraw.Callback,accepts,2
de.schildbach.wallet.util.OnFirstPreDraw,de.schildbach.wallet.util.OnFirstPreDraw.Callback,holds,1
de.schildbach.wallet.util.Qr,de.schildbach.wallet.util.Base43,depends,4
de.schildbach.wallet.util.WalletUtils.MonospaceSpan,de.schildbach.wallet.util.Iso8601Format,depends,2