source,target,interaction
n1002,n1089,accepts
n1002,n1089,depends
n1002,n805,constructs
n1002,n805,depends
n1002,n805,specializes
n1050,n1056,depends
n1050,n1168,accepts
n1050,n1168,constructs
n1050,n1168,depends
n1050,n1265,accepts
n1050,n1265,depends
n1050,n1265,returns
n1050,n1503,depends
n1050,n1646,depends
n1050,n1718,constructs
n1050,n1718,depends
n1050,n1718,specializes
n1050,n1791,constructs
n1050,n1814,constructs
n1050,n751,specializes
n1050,n994,accepts
n1050,n994,depends
n1051,n1051,depends
n1051,n1168,accepts
n1051,n1168,constructs
n1051,n1203,constructs
n1051,n1203,depends
n1051,n1203,holds
n1051,n1255,depends
n1051,n1265,accepts
n1051,n1265,depends
n1051,n1265,holds
n1051,n1493,constructs
n1051,n1503,depends
n1051,n1503,specializes
n1051,n1646,depends
n1051,n1814,constructs
n1051,n1852,depends
n1051,n1852,specializes
n1051,n187,accepts
n1051,n187,depends
n1051,n204,depends
n1051,n541,specializes
n1051,n545,accepts
n1051,n545,depends
n1056,n1265,returns
n1065,n1107,constructs
n1065,n1158,depends
n1065,n1158,specializes
n1065,n1265,accepts
n1065,n1814,constructs
n1065,n358,depends
n1065,n649,depends
n1066,n1066,depends
n1066,n1223,constructs
n1066,n1243,constructs
n1066,n1265,accepts
n1066,n1469,returns
n1066,n1632,constructs
n1066,n1825,constructs
n1066,n215,constructs
n1066,n387,constructs
n1066,n402,constructs
n1066,n779,constructs
n1076,n1056,depends
n1076,n1089,accepts
n1076,n1089,depends
n1076,n1089,holds
n1076,n131,constructs
n1076,n131,specializes
n1076,n1640,constructs
n1076,n751,depends
n108,n1089,accepts
n108,n1469,accepts
n108,n1469,depends
n108,n1469,holds
n108,n537,constructs
n108,n537,depends
n108,n537,specializes
n1089,n1056,returns
n1089,n1265,accepts
n1089,n1265,returns
n1089,n1346,returns
n1089,n1469,returns
n1089,n1534,accepts
n1089,n1590,accepts
n1089,n1590,returns
n1089,n321,accepts
n1089,n321,returns
n1089,n548,returns
n1089,n751,accepts
n1089,n751,returns
n1089,n994,specializes
n1090,n1066,depends
n1090,n1090,constructs
n1090,n1090,depends
n1090,n1852,depends
n1090,n1852,specializes
n1090,n187,accepts
n1090,n187,depends
n1090,n545,accepts
n1090,n545,depends
n110,n1066,depends
n110,n110,constructs
n110,n110,depends
n110,n1308,constructs
n110,n1679,returns
n110,n1852,depends
n110,n1852,specializes
n110,n187,accepts
n110,n187,depends
n110,n545,accepts
n110,n545,depends
n1100,n1100,depends
n1100,n1100,holds
n1100,n1100,returns
n1107,n1107,depends
n1107,n187,accepts
n1107,n298,specializes
n1107,n545,accepts
n1129,n1129,accepts
n1129,n1265,accepts
n1129,n1265,specializes
n1129,n1503,specializes
n1129,n1679,accepts
n1129,n1679,returns
n113,n1051,constructs
n113,n1090,constructs
n113,n110,constructs
n113,n113,depends
n113,n1158,constructs
n113,n1472,constructs
n113,n1509,constructs
n113,n1662,constructs
n113,n25,constructs
n113,n340,constructs
n113,n352,constructs
n113,n393,constructs
n113,n426,constructs
n113,n427,constructs
n113,n431,constructs
n113,n525,constructs
n113,n525,depends
n113,n525,holds
n113,n751,returns
n113,n769,constructs
n113,n973,depends
n113,n973,specializes
n1138,n131,accepts
n1138,n131,depends
n1138,n131,holds
n1158,n1107,constructs
n1158,n1129,accepts
n1158,n1129,depends
n1158,n1129,specializes
n1158,n1158,depends
n1158,n1168,accepts
n1158,n1168,constructs
n1158,n1255,depends
n1158,n1265,accepts
n1158,n1265,depends
n1158,n1265,returns
n1158,n1503,depends
n1158,n1679,accepts
n1158,n1679,depends
n1158,n1679,holds
n1158,n1679,returns
n1158,n187,accepts
n1158,n187,depends
n1158,n358,constructs
n1158,n358,depends
n1158,n358,specializes
n1158,n400,constructs
n1158,n545,accepts
n1158,n545,depends
n1158,n565,constructs
n1158,n791,constructs
n1168,n1265,accepts
n1168,n1265,returns
n1203,n1203,constructs
n1203,n1265,accepts
n1203,n187,accepts
n1203,n187,depends
n1203,n328,depends
n1203,n328,specializes
n1203,n373,accepts
n1203,n373,depends
n1203,n373,holds
n1203,n545,accepts
n1203,n545,depends
n1223,n1089,accepts
n1223,n1265,accepts
n1223,n1265,depends
n1223,n1483,depends
n1223,n1646,depends
n1223,n864,constructs
n1223,n864,specializes
n1235,n1056,depends
n1235,n1089,accepts
n1235,n1089,depends
n1235,n1089,holds
n1235,n1265,depends
n1235,n131,constructs
n1235,n131,specializes
n1243,n1089,accepts
n1243,n1265,accepts
n1243,n1265,depends
n1243,n1483,depends
n1243,n1646,depends
n1243,n864,constructs
n1243,n864,specializes
n1248,n1265,accepts
n1248,n328,specializes
n1248,n358,depends
n1255,n1056,returns
n1255,n1168,constructs
n1255,n1255,depends
n1255,n1265,accepts
n1255,n1265,returns
n1255,n1265,specializes
n1255,n1367,constructs
n1255,n1373,constructs
n1255,n1503,accepts
n1255,n1503,depends
n1255,n1503,holds
n1255,n1503,returns
n1255,n1646,depends
n1255,n1679,returns
n1255,n187,accepts
n1255,n373,returns
n1255,n419,depends
n1255,n545,accepts
n1255,n837,depends
n1265,n1056,returns
n1265,n1265,accepts
n1265,n1265,returns
n1265,n1503,accepts
n1265,n1503,returns
n1265,n1679,returns
n1265,n373,returns
n1265,n570,specializes
n1268,n1056,depends
n1268,n1089,accepts
n1268,n1089,depends
n1268,n1265,accepts
n1268,n1265,depends
n1268,n1265,holds
n1268,n537,constructs
n1268,n537,depends
n1268,n537,specializes
n1281,n1056,depends
n1281,n1089,accepts
n1281,n1089,depends
n1281,n1129,accepts
n1281,n1129,depends
n1281,n1129,holds
n1281,n1129,returns
n1281,n1265,accepts
n1281,n1265,depends
n1281,n1265,holds
n1281,n1265,returns
n1281,n1281,depends
n1281,n1483,depends
n1281,n1679,depends
n1281,n1679,returns
n1281,n373,accepts
n1281,n419,depends
n1281,n751,accepts
n1281,n751,depends
n1281,n864,constructs
n1281,n864,depends
n1281,n864,specializes
n1282,n1089,accepts
n1282,n1265,depends
n1282,n537,constructs
n1282,n537,depends
n1282,n537,specializes
n1282,n751,depends
n1293,n108,constructs
n1293,n1089,accepts
n1293,n1089,depends
n1293,n1265,accepts
n1293,n1268,constructs
n1293,n1293,depends
n1293,n1469,accepts
n1293,n27,constructs
n1293,n537,constructs
n1293,n537,depends
n1293,n537,specializes
n1293,n548,depends
n1293,n548,holds
n1293,n548,returns
n1293,n751,depends
n1308,n1265,accepts
n1308,n1265,depends
n1308,n1367,constructs
n1308,n1367,specializes
n1308,n419,depends
n1346,n187,constructs
n1346,n187,depends
n1346,n545,constructs
n1346,n545,depends
n1367,n1129,accepts
n1367,n1129,depends
n1367,n1265,accepts
n1367,n1265,depends
n1367,n1367,depends
n1367,n1679,depends
n1367,n1686,constructs
n1367,n1686,specializes
n1367,n419,depends
n1373,n1056,specializes
n1373,n1265,returns
n1387,n1002,constructs
n1387,n1056,depends
n1387,n1056,returns
n1387,n1089,depends
n1387,n1089,specializes
n1387,n1265,accepts
n1387,n1265,depends
n1387,n1265,returns
n1387,n131,depends
n1387,n1346,constructs
n1387,n1346,returns
n1387,n1373,constructs
n1387,n1387,depends
n1387,n1469,depends
n1387,n1469,returns
n1387,n1534,accepts
n1387,n1534,depends
n1387,n1534,holds
n1387,n1590,accepts
n1387,n1590,depends
n1387,n1590,holds
n1387,n1590,returns
n1387,n1791,accepts
n1387,n1791,depends
n1387,n321,accepts
n1387,n321,depends
n1387,n321,holds
n1387,n321,returns
n1387,n419,depends
n1387,n548,depends
n1387,n548,returns
n1387,n751,accepts
n1387,n751,depends
n1387,n751,holds
n1387,n751,returns
n1392,n1089,accepts
n1392,n1265,accepts
n1392,n1293,constructs
n1392,n1293,depends
n1392,n1293,specializes
n1392,n1392,depends
n1392,n537,depends
n1392,n751,depends
n140,n1056,depends
n140,n1056,returns
n140,n1255,depends
n140,n1265,depends
n140,n1373,constructs
n140,n1646,depends
n140,n1718,depends
n140,n1718,specializes
n140,n439,constructs
n1427,n1265,accepts
n1427,n1427,depends
n1427,n187,accepts
n1427,n187,depends
n1427,n545,accepts
n1427,n545,depends
n1427,n939,constructs
n1427,n939,depends
n1427,n939,specializes
n1452,n1089,accepts
n1452,n1089,depends
n1452,n805,constructs
n1452,n805,depends
n1452,n805,specializes
n1458,n1050,depends
n1458,n1050,specializes
n1458,n1265,accepts
n1458,n1265,returns
n1458,n1427,constructs
n1458,n1427,depends
n1458,n1718,depends
n1458,n556,specializes
n1458,n939,depends
n1469,n1089,accepts
n1469,n1265,returns
n1469,n751,accepts
n1472,n1472,depends
n1472,n358,depends
n1472,n358,specializes
n1479,n1050,constructs
n1479,n1089,accepts
n1479,n1089,returns
n1479,n1100,constructs
n1479,n1100,holds
n1479,n1282,constructs
n1479,n1387,constructs
n1479,n1387,depends
n1479,n1387,holds
n1479,n1479,depends
n1479,n1590,specializes
n1479,n187,constructs
n1479,n187,depends
n1479,n548,holds
n1479,n548,returns
n1479,n751,holds
n1479,n751,returns
n1483,n1089,accepts
n1483,n1089,depends
n1483,n1265,accepts
n1483,n1265,holds
n1483,n1265,returns
n1483,n1469,specializes
n1483,n1483,depends
n1483,n751,accepts
n1493,n1051,depends
n1493,n1089,accepts
n1493,n1265,accepts
n1493,n1483,depends
n1493,n373,accepts
n1493,n864,constructs
n1493,n864,specializes
n150,n131,accepts
n150,n131,depends
n1503,n1168,accepts
n1505,n1100,depends
n1505,n1454,constructs
n1505,n1505,depends
n1505,n236,constructs
n1505,n236,specializes
n1505,n268,accepts
n1505,n548,accepts
n1505,n548,holds
n1505,n548,returns
n1505,n627,constructs
n1505,n627,depends
n1505,n627,holds
n1509,n1089,accepts
n1509,n1089,depends
n1509,n1255,depends
n1509,n1509,depends
n1509,n1590,depends
n1509,n358,constructs
n1509,n358,depends
n1509,n358,holds
n1509,n537,constructs
n1509,n537,depends
n1509,n537,specializes
n1509,n751,depends
n1534,n1089,accepts
n1561,n1051,constructs
n1561,n1090,constructs
n1561,n110,constructs
n1561,n1158,constructs
n1561,n1392,constructs
n1561,n1472,constructs
n1561,n1509,constructs
n1561,n1561,constructs
n1561,n1561,depends
n1561,n16,constructs
n1561,n16,depends
n1561,n1662,constructs
n1561,n25,constructs
n1561,n340,constructs
n1561,n352,constructs
n1561,n393,constructs
n1561,n426,constructs
n1561,n427,constructs
n1561,n431,constructs
n1561,n525,constructs
n1561,n525,depends
n1561,n525,holds
n1561,n548,returns
n1561,n593,constructs
n1561,n722,constructs
n1561,n722,depends
n1561,n722,specializes
n1561,n751,returns
n1561,n769,constructs
n1576,n1576,constructs
n1576,n1576,depends
n1590,n1089,accepts
n1590,n1089,returns
n1590,n548,returns
n1590,n751,returns
n1595,n1051,depends
n1595,n1051,specializes
n16,n131,accepts
n16,n131,depends
n160,n1089,accepts
n160,n1265,returns
n160,n393,constructs
n160,n393,specializes
n160,n649,constructs
n1628,n1628,constructs
n1628,n1628,depends
n1632,n1089,accepts
n1632,n1265,accepts
n1632,n1265,depends
n1632,n1483,depends
n1632,n1646,depends
n1632,n864,constructs
n1632,n864,specializes
n1640,n1056,specializes
n1640,n1265,returns
n1640,n1862,constructs
n1640,n1862,depends
n1640,n1862,holds
n1646,n1265,accepts
n1646,n1265,depends
n1646,n1646,constructs
n1646,n187,accepts
n1646,n187,depends
n1646,n328,depends
n1646,n328,specializes
n1646,n373,returns
n1646,n545,accepts
n1646,n545,depends
n1662,n1089,accepts
n1662,n1089,depends
n1662,n1255,depends
n1662,n1590,depends
n1662,n1662,depends
n1662,n456,constructs
n1662,n456,depends
n1662,n456,holds
n1662,n537,constructs
n1662,n537,depends
n1662,n537,specializes
n1662,n751,depends
n1670,n1089,accepts
n1670,n1483,constructs
n1670,n1483,depends
n1670,n1483,specializes
n1670,n419,depends
n1670,n427,accepts
n1670,n427,depends
n1670,n427,holds
n1679,n1129,accepts
n1679,n1265,returns
n1679,n570,specializes
n1686,n1129,accepts
n1686,n1265,accepts
n1686,n1265,depends
n1686,n1265,holds
n1686,n1265,returns
n1686,n1679,specializes
n1686,n1686,depends
n1686,n187,accepts
n1686,n187,depends
n1686,n419,depends
n1686,n545,accepts
n1686,n545,depends
n1697,n1158,constructs
n1697,n1697,constructs
n1697,n1805,constructs
n1697,n340,constructs
n1697,n393,constructs
n1697,n431,constructs
n1697,n722,constructs
n1697,n722,depends
n1697,n722,specializes
n1701,n1051,constructs
n1701,n1090,constructs
n1701,n110,constructs
n1701,n1158,constructs
n1701,n1472,constructs
n1701,n1662,constructs
n1701,n1701,constructs
n1701,n25,constructs
n1701,n340,constructs
n1701,n393,constructs
n1701,n427,constructs
n1701,n431,constructs
n1701,n722,constructs
n1701,n722,depends
n1701,n722,specializes
n1702,n187,accepts
n1702,n187,depends
n1702,n545,accepts
n1702,n545,depends
n1718,n1056,depends
n1718,n1056,returns
n1718,n1168,accepts
n1718,n1168,constructs
n1718,n1255,depends
n1718,n1255,specializes
n1718,n1265,accepts
n1718,n1265,depends
n1718,n1265,returns
n1718,n1373,constructs
n1718,n1503,depends
n1718,n1503,specializes
n1718,n1640,constructs
n1718,n1718,depends
n1718,n187,accepts
n1718,n187,depends
n1718,n545,accepts
n1718,n545,depends
n1734,n1089,accepts
n1734,n1089,depends
n1734,n1534,specializes
n1734,n1734,depends
n1737,n1089,accepts
n1737,n1089,depends
n1737,n1265,accepts
n1737,n1590,depends
n1737,n1737,depends
n1737,n537,constructs
n1737,n537,depends
n1737,n537,specializes
n1737,n751,depends
n1743,n1089,accepts
n1743,n1089,depends
n1743,n1534,specializes
n1781,n1781,depends
n1791,n751,accepts
n1791,n751,returns
n1805,n1051,depends
n1805,n1051,specializes
n1805,n1158,constructs
n1805,n1255,depends
n1805,n1281,constructs
n1805,n1646,depends
n1805,n1679,depends
n1805,n1679,returns
n1805,n1805,depends
n1805,n1814,constructs
n1805,n1852,depends
n1805,n379,constructs
n1805,n419,depends
n1814,n1265,accepts
n1814,n1483,depends
n1814,n373,accepts
n1814,n373,holds
n1814,n864,constructs
n1814,n864,specializes
n1817,n1066,depends
n1817,n1100,depends
n1817,n1168,constructs
n1817,n1255,depends
n1817,n1503,depends
n1817,n1817,depends
n1817,n1852,depends
n1817,n1852,specializes
n1817,n187,accepts
n1817,n187,depends
n1817,n545,accepts
n1817,n545,depends
n1825,n1089,accepts
n1825,n1265,accepts
n1825,n1265,depends
n1825,n1483,depends
n1825,n1646,depends
n1825,n864,constructs
n1825,n864,specializes
n1852,n1255,depends
n1852,n1255,specializes
n1852,n1702,constructs
n1852,n1702,depends
n1852,n1702,holds
n1852,n1852,depends
n1852,n187,accepts
n1852,n187,depends
n1852,n204,depends
n1852,n545,accepts
n1852,n545,depends
n187,n187,depends
n187,n570,accepts
n187,n570,depends
n187,n570,returns
n1902,n1051,constructs
n1902,n1090,constructs
n1902,n110,constructs
n1902,n1158,constructs
n1902,n1472,constructs
n1902,n1662,constructs
n1902,n25,constructs
n1902,n340,constructs
n1902,n393,constructs
n1902,n427,constructs
n1902,n431,constructs
n1902,n973,depends
n1902,n973,specializes
n191,n1089,accepts
n191,n1089,depends
n191,n1089,holds
n191,n131,constructs
n191,n131,specializes
n191,n905,constructs
n203,n1090,constructs
n203,n1090,depends
n203,n1090,specializes
n203,n1255,depends
n203,n1852,depends
n203,n187,accepts
n203,n187,depends
n203,n203,depends
n203,n357,constructs
n203,n456,depends
n203,n545,accepts
n203,n545,depends
n204,n204,depends
n215,n1089,accepts
n215,n1265,accepts
n215,n1265,depends
n215,n1483,depends
n215,n1646,depends
n215,n864,constructs
n215,n864,specializes
n236,n236,depends
n236,n268,accepts
n236,n268,depends
n236,n268,holds
n25,n1158,constructs
n25,n1158,depends
n25,n1158,specializes
n25,n1255,depends
n25,n1265,accepts
n25,n1265,depends
n25,n1679,depends
n25,n1814,constructs
n25,n25,depends
n25,n358,depends
n25,n373,returns
n25,n400,constructs
n25,n419,depends
n25,n606,constructs
n25,n791,constructs
n268,n236,accepts
n27,n1056,depends
n27,n1089,accepts
n27,n1089,depends
n27,n1265,depends
n27,n27,depends
n27,n537,constructs
n27,n537,depends
n27,n537,specializes
n27,n751,depends
n298,n570,specializes
n328,n187,accepts
n328,n373,specializes
n328,n545,accepts
n328,n570,specializes
n340,n1056,depends
n340,n1089,accepts
n340,n1089,depends
n340,n1129,accepts
n340,n1129,depends
n340,n1129,holds
n340,n1129,returns
n340,n1265,accepts
n340,n1265,depends
n340,n1265,holds
n340,n1265,returns
n340,n1590,depends
n340,n1679,depends
n340,n1679,holds
n340,n1679,returns
n340,n340,depends
n340,n419,depends
n340,n537,constructs
n340,n537,depends
n340,n537,specializes
n340,n751,accepts
n340,n751,depends
n352,n1089,accepts
n352,n1265,accepts
n352,n1737,constructs
n352,n1737,specializes
n352,n537,depends
n352,n751,depends
n352,n857,constructs
n357,n1265,depends
n357,n1483,constructs
n357,n1483,depends
n357,n1483,specializes
n357,n203,accepts
n357,n203,depends
n357,n357,depends
n357,n419,depends
n357,n751,accepts
n358,n1107,constructs
n358,n1248,constructs
n358,n1255,depends
n358,n1255,specializes
n358,n1679,returns
n358,n187,accepts
n358,n187,depends
n358,n298,accepts
n358,n298,depends
n358,n298,holds
n358,n358,depends
n358,n373,returns
n358,n419,depends
n358,n545,accepts
n358,n545,depends
n358,n565,constructs
n358,n711,constructs
n365,n1056,depends
n365,n1089,accepts
n365,n1089,depends
n365,n1129,depends
n365,n1129,holds
n365,n1265,accepts
n365,n1265,depends
n365,n1265,holds
n365,n1265,returns
n365,n1483,constructs
n365,n1483,depends
n365,n1483,specializes
n365,n1679,accepts
n365,n1679,depends
n365,n1679,holds
n365,n1679,returns
n365,n365,depends
n365,n419,depends
n365,n751,accepts
n365,n751,depends
n373,n1265,accepts
n373,n570,specializes
n379,n1129,accepts
n379,n1265,accepts
n379,n1686,constructs
n379,n1686,depends
n379,n1686,specializes
n379,n187,accepts
n379,n187,depends
n379,n373,accepts
n379,n373,depends
n379,n373,holds
n379,n379,depends
n379,n545,accepts
n379,n545,depends
n387,n1089,accepts
n387,n1265,accepts
n387,n1265,depends
n387,n1483,depends
n387,n1646,depends
n387,n864,constructs
n387,n864,specializes
n393,n1089,accepts
n393,n1089,depends
n393,n1265,accepts
n393,n1265,depends
n393,n1265,holds
n393,n1265,returns
n393,n1454,constructs
n393,n1590,depends
n393,n393,depends
n393,n537,constructs
n393,n537,depends
n393,n537,specializes
n393,n751,depends
n400,n1129,depends
n400,n1265,accepts
n400,n1679,accepts
n400,n1679,returns
n400,n365,constructs
n400,n365,specializes
n402,n1089,accepts
n402,n1265,accepts
n402,n1265,depends
n402,n1483,depends
n402,n1646,depends
n402,n864,constructs
n402,n864,specializes
n419,n419,depends
n425,n1056,depends
n425,n1089,accepts
n425,n1089,depends
n425,n1089,holds
n425,n1265,depends
n425,n131,constructs
n425,n131,specializes
n425,n751,depends
n426,n1089,accepts
n426,n1265,accepts
n426,n1265,depends
n426,n1265,holds
n426,n1781,constructs
n426,n1781,depends
n426,n1781,holds
n426,n426,depends
n426,n537,constructs
n426,n537,depends
n426,n537,specializes
n426,n751,depends
n427,n1066,depends
n427,n1255,depends
n427,n1670,constructs
n427,n1679,returns
n427,n1852,depends
n427,n1852,specializes
n427,n187,accepts
n427,n187,depends
n427,n427,constructs
n427,n427,depends
n427,n545,accepts
n427,n545,depends
n427,n768,constructs
n431,n1089,accepts
n431,n1089,depends
n431,n1265,accepts
n431,n1590,depends
n431,n1781,constructs
n431,n1781,depends
n431,n1781,holds
n431,n393,constructs
n431,n393,depends
n431,n393,specializes
n431,n431,depends
n431,n537,depends
n431,n541,accepts
n431,n541,depends
n431,n541,holds
n431,n751,depends
n439,n1265,accepts
n439,n1483,depends
n439,n1814,constructs
n439,n1814,specializes
n439,n373,accepts
n448,n1089,accepts
n448,n1089,depends
n448,n805,constructs
n448,n805,depends
n448,n805,specializes
n456,n1255,depends
n456,n1679,returns
n456,n1852,constructs
n456,n1852,depends
n456,n1852,specializes
n456,n187,accepts
n456,n187,depends
n456,n373,returns
n456,n419,depends
n456,n456,depends
n456,n545,accepts
n456,n545,depends
n456,n675,constructs
n456,n885,constructs
n456,n951,constructs
n462,n1265,accepts
n462,n1265,depends
n462,n328,specializes
n466,n1089,accepts
n466,n1089,depends
n466,n1265,depends
n466,n1346,depends
n466,n466,depends
n466,n706,depends
n466,n805,constructs
n466,n805,depends
n466,n805,specializes
n525,n1089,accepts
n525,n1089,depends
n525,n1089,holds
n525,n556,accepts
n525,n556,depends
n525,n556,holds
n527,n1051,constructs
n527,n1065,constructs
n527,n1472,constructs
n527,n160,constructs
n527,n340,constructs
n527,n393,constructs
n527,n431,constructs
n527,n527,constructs
n527,n722,constructs
n527,n722,depends
n527,n722,specializes
n537,n1089,accepts
n537,n1089,depends
n537,n1089,holds
n537,n1089,returns
n537,n1590,returns
n537,n548,specializes
n537,n751,returns
n54,n1056,depends
n54,n1089,accepts
n54,n1089,depends
n54,n1089,holds
n54,n131,constructs
n54,n131,specializes
n54,n1373,constructs
n54,n751,depends
n541,n1265,accepts
n545,n545,depends
n545,n570,accepts
n545,n570,depends
n565,n1089,accepts
n565,n1483,depends
n565,n358,accepts
n565,n358,depends
n565,n358,returns
n565,n373,accepts
n565,n565,depends
n565,n864,constructs
n565,n864,specializes
n570,n187,accepts
n570,n545,accepts
n593,n1089,accepts
n593,n1089,depends
n593,n1089,holds
n593,n1100,depends
n593,n131,constructs
n593,n131,specializes
n593,n1817,constructs
n606,n1089,accepts
n606,n1158,accepts
n606,n1158,depends
n606,n1158,returns
n606,n1265,depends
n606,n1483,constructs
n606,n1483,depends
n606,n1483,specializes
n606,n1679,depends
n606,n358,depends
n606,n419,depends
n606,n606,depends
n622,n1089,accepts
n622,n1089,depends
n622,n1534,specializes
n649,n1051,constructs
n649,n1051,depends
n649,n1056,depends
n649,n1065,constructs
n649,n1168,accepts
n649,n1168,depends
n649,n1255,depends
n649,n1265,accepts
n649,n1265,depends
n649,n1281,constructs
n649,n1595,depends
n649,n1646,depends
n649,n1718,depends
n649,n1718,specializes
n649,n1814,constructs
n649,n187,accepts
n649,n187,depends
n649,n545,accepts
n649,n545,depends
n649,n649,accepts
n649,n649,depends
n675,n1089,accepts
n675,n1483,constructs
n675,n1483,depends
n675,n1483,specializes
n675,n373,accepts
n675,n373,depends
n675,n373,holds
n675,n456,accepts
n675,n456,depends
n675,n456,returns
n675,n675,depends
n706,n706,holds
n706,n706,returns
n711,n1255,depends
n711,n1265,accepts
n711,n1367,constructs
n711,n1367,specializes
n711,n1686,depends
n711,n358,depends
n711,n419,depends
n722,n1002,constructs
n722,n1050,constructs
n722,n1076,constructs
n722,n1089,accepts
n722,n1089,returns
n722,n1100,constructs
n722,n1100,holds
n722,n1235,constructs
n722,n1293,constructs
n722,n1387,accepts
n722,n1387,constructs
n722,n1387,depends
n722,n1387,holds
n722,n1387,returns
n722,n1452,constructs
n722,n1505,accepts
n722,n1505,constructs
n722,n1505,depends
n722,n1505,holds
n722,n1505,returns
n722,n1590,specializes
n722,n16,constructs
n722,n16,depends
n722,n1628,constructs
n722,n187,constructs
n722,n187,depends
n722,n191,constructs
n722,n204,depends
n722,n236,accepts
n722,n236,depends
n722,n268,specializes
n722,n425,constructs
n722,n448,constructs
n722,n466,constructs
n722,n54,constructs
n722,n545,constructs
n722,n545,depends
n722,n548,accepts
n722,n548,depends
n722,n548,holds
n722,n548,returns
n722,n722,depends
n722,n751,accepts
n722,n751,depends
n722,n751,holds
n722,n751,returns
n722,n781,constructs
n722,n815,constructs
n722,n874,constructs
n751,n1056,returns
n751,n1168,accepts
n751,n1265,accepts
n751,n1265,returns
n751,n1503,specializes
n751,n570,specializes
n751,n994,accepts
n768,n1129,accepts
n768,n1129,depends
n768,n1265,accepts
n768,n1265,depends
n768,n1679,depends
n768,n1686,constructs
n768,n1686,specializes
n768,n419,depends
n768,n768,depends
n769,n1089,accepts
n769,n1265,accepts
n769,n393,depends
n769,n431,constructs
n769,n431,depends
n769,n431,specializes
n769,n537,depends
n769,n541,depends
n769,n751,depends
n77,n1051,constructs
n77,n1065,constructs
n77,n1472,constructs
n77,n160,constructs
n77,n340,constructs
n77,n393,constructs
n77,n431,constructs
n77,n973,depends
n77,n973,specializes
n779,n1089,accepts
n779,n1265,accepts
n779,n1265,depends
n779,n1483,depends
n779,n1646,depends
n779,n864,constructs
n779,n864,specializes
n781,n1089,accepts
n781,n1089,depends
n781,n1089,holds
n781,n131,constructs
n781,n131,specializes
n781,n1718,depends
n781,n751,depends
n791,n1129,depends
n791,n1265,accepts
n791,n1679,accepts
n791,n1679,returns
n791,n365,constructs
n791,n365,specializes
n805,n1056,depends
n805,n1089,accepts
n805,n1089,depends
n805,n1089,holds
n805,n1265,depends
n805,n131,constructs
n805,n131,specializes
n805,n1373,constructs
n805,n706,depends
n805,n751,depends
n815,n1056,depends
n815,n1089,accepts
n815,n1089,depends
n815,n1089,holds
n815,n1265,depends
n815,n131,constructs
n815,n131,specializes
n837,n1168,accepts
n837,n1503,accepts
n837,n1503,depends
n837,n1503,returns
n837,n1503,specializes
n837,n837,constructs
n837,n837,depends
n857,n1168,accepts
n857,n1168,constructs
n857,n1168,depends
n857,n1265,accepts
n857,n1265,depends
n857,n857,depends
n857,n939,constructs
n857,n939,depends
n857,n939,specializes
n864,n1265,accepts
n864,n1483,constructs
n864,n1483,depends
n864,n1483,specializes
n864,n373,accepts
n864,n373,depends
n864,n373,holds
n874,n1089,accepts
n874,n1089,depends
n874,n1346,depends
n874,n805,constructs
n874,n805,depends
n874,n805,specializes
n88,n1090,constructs
n88,n1090,depends
n88,n1090,specializes
n88,n1852,depends
n88,n88,depends
n885,n1483,constructs
n885,n1483,depends
n885,n1483,specializes
n885,n419,depends
n885,n456,accepts
n885,n456,depends
n885,n751,accepts
n885,n885,depends
n905,n321,specializes
n939,n1056,returns
n939,n1168,accepts
n939,n1168,constructs
n939,n1255,depends
n939,n1255,specializes
n939,n1265,accepts
n939,n1265,depends
n939,n1265,holds
n939,n1265,returns
n939,n1503,depends
n939,n1503,specializes
n939,n1679,returns
n939,n187,accepts
n939,n187,depends
n939,n373,returns
n939,n545,accepts
n939,n545,depends
n939,n939,depends
n951,n1265,accepts
n951,n1367,constructs
n951,n1367,specializes
n951,n456,depends
n973,n1002,constructs
n973,n1050,constructs
n973,n1056,depends
n973,n1089,accepts
n973,n1089,returns
n973,n1100,constructs
n973,n1100,holds
n973,n1138,constructs
n973,n1265,depends
n973,n1293,constructs
n973,n1387,constructs
n973,n1387,depends
n973,n1387,holds
n973,n1387,returns
n973,n150,constructs
n973,n150,depends
n973,n1505,accepts
n973,n1505,constructs
n973,n1505,depends
n973,n1505,holds
n973,n1505,returns
n973,n1576,constructs
n973,n1590,specializes
n973,n1628,constructs
n973,n1722,constructs
n973,n1852,depends
n973,n187,constructs
n973,n187,depends
n973,n204,depends
n973,n236,accepts
n973,n236,depends
n973,n268,specializes
n973,n425,constructs
n973,n548,accepts
n973,n548,depends
n973,n548,holds
n973,n548,returns
n973,n751,depends
n973,n751,holds
n973,n751,returns
n973,n781,constructs
n973,n815,constructs
n973,n874,constructs
n973,n973,depends
n994,n1791,accepts